
h1, h2, h3, h4, h5, h6 | font-weight
  WERDYKT: nigdzie nic nie zmienia
    /@320: bez zmiany (17 nosicieli)
    /odkryj@320: bez zmiany (5 nosicieli)
    /login@320: bez zmiany (3 nosicieli)
    /tagi@320: bez zmiany (4 nosicieli)
    /szukaj?sekcja=przepisy@320: bez zmiany (19 nosicieli)
    /przepisy/rosol-babci-zofii@320: bez zmiany (7 nosicieli)
    /@1280: bez zmiany (17 nosicieli)
    /odkryj@1280: bez zmiany (5 nosicieli)
    /login@1280: bez zmiany (3 nosicieli)
    /tagi@1280: bez zmiany (4 nosicieli)
    /szukaj?sekcja=przepisy@1280: bez zmiany (19 nosicieli)
    /przepisy/rosol-babci-zofii@1280: bez zmiany (7 nosicieli)

b, strong | font-weight
  WERDYKT: nigdzie nic nie zmienia
    /@320: bez zmiany (7 nosicieli)
    /odkryj@320: bez zmiany (4 nosicieli)
    /login@320: bez zmiany (3 nosicieli)
    /tagi@320: bez zmiany (118 nosicieli)
    /szukaj?sekcja=przepisy@320: bez zmiany (4 nosicieli)
    /przepisy/rosol-babci-zofii@320: bez zmiany (8 nosicieli)
    /@1280: bez zmiany (7 nosicieli)
    /odkryj@1280: bez zmiany (4 nosicieli)
    /login@1280: bez zmiany (3 nosicieli)
    /tagi@1280: bez zmiany (118 nosicieli)
    /szukaj?sekcja=przepisy@1280: bez zmiany (4 nosicieli)
    /przepisy/rosol-babci-zofii@1280: bez zmiany (8 nosicieli)

summary | display
  WERDYKT: nigdzie nic nie zmienia
    /@320: bez zmiany (1 nosicieli)
    /odkryj@320: bez zmiany (1 nosicieli)
    /login@320: bez zmiany (1 nosicieli)
    /tagi@320: bez zmiany (1 nosicieli)
    /szukaj?sekcja=przepisy@320: bez zmiany (1 nosicieli)
    /przepisy/rosol-babci-zofii@320: bez zmiany (2 nosicieli)
    /@1280: bez zmiany (1 nosicieli)
    /odkryj@1280: bez zmiany (1 nosicieli)
    /login@1280: bez zmiany (1 nosicieli)
    /tagi@1280: bez zmiany (1 nosicieli)
    /szukaj?sekcja=przepisy@1280: bez zmiany (1 nosicieli)
    /przepisy/rosol-babci-zofii@1280: bez zmiany (2 nosicieli)

ol, ul, menu | list-style
  WERDYKT: nigdzie nic nie zmienia
    /@320: bez zmiany (8 nosicieli)
    /odkryj@320: bez zmiany (7 nosicieli)
    /login@320: bez zmiany (3 nosicieli)
    /tagi@320: bez zmiany (3 nosicieli)
    /szukaj?sekcja=przepisy@320: bez zmiany (6 nosicieli)
    /przepisy/rosol-babci-zofii@320: bez zmiany (11 nosicieli)
    /@1280: bez zmiany (8 nosicieli)
    /odkryj@1280: bez zmiany (7 nosicieli)
    /login@1280: bez zmiany (3 nosicieli)
    /tagi@1280: bez zmiany (3 nosicieli)
    /szukaj?sekcja=przepisy@1280: bez zmiany (6 nosicieli)
    /przepisy/rosol-babci-zofii@1280: bez zmiany (11 nosicieli)

img, video | height
  WERDYKT: nigdzie nic nie zmienia
    /@320: bez zmiany (18 nosicieli)
    /odkryj@320: bez zmiany (17 nosicieli)
    /login@320: bez zmiany (1 nosicieli)
    /tagi@320: bez zmiany (1 nosicieli)
    /szukaj?sekcja=przepisy@320: bez zmiany (15 nosicieli)
    /przepisy/rosol-babci-zofii@320: bez zmiany (3 nosicieli)
    /@1280: bez zmiany (18 nosicieli)
    /odkryj@1280: bez zmiany (17 nosicieli)
    /login@1280: bez zmiany (1 nosicieli)
    /tagi@1280: bez zmiany (1 nosicieli)
    /szukaj?sekcja=przepisy@1280: bez zmiany (15 nosicieli)
    /przepisy/rosol-babci-zofii@1280: bez zmiany (3 nosicieli)

button, input, select, optgroup, textarea | background-color
  WERDYKT: nigdzie nic nie zmienia
    /@320: bez zmiany (13 nosicieli)
    /odkryj@320: bez zmiany (13 nosicieli)
    /login@320: bez zmiany (17 nosicieli)
    /tagi@320: bez zmiany (13 nosicieli)
    /szukaj?sekcja=przepisy@320: bez zmiany (16 nosicieli)
    /przepisy/rosol-babci-zofii@320: bez zmiany (15 nosicieli)
    /@1280: bez zmiany (13 nosicieli)
    /odkryj@1280: bez zmiany (13 nosicieli)
    /login@1280: bez zmiany (17 nosicieli)
    /tagi@1280: bez zmiany (13 nosicieli)
    /szukaj?sekcja=przepisy@1280: bez zmiany (16 nosicieli)
    /przepisy/rosol-babci-zofii@1280: bez zmiany (15 nosicieli)

button, input, select, optgroup, textarea | border-radius
  WERDYKT: nigdzie nic nie zmienia
    /@320: bez zmiany (13 nosicieli)
    /odkryj@320: bez zmiany (13 nosicieli)
    /login@320: bez zmiany (17 nosicieli)
    /tagi@320: bez zmiany (13 nosicieli)
    /szukaj?sekcja=przepisy@320: bez zmiany (16 nosicieli)
    /przepisy/rosol-babci-zofii@320: bez zmiany (15 nosicieli)
    /@1280: bez zmiany (13 nosicieli)
    /odkryj@1280: bez zmiany (13 nosicieli)
    /login@1280: bez zmiany (17 nosicieli)
    /tagi@1280: bez zmiany (13 nosicieli)
    /szukaj?sekcja=przepisy@1280: bez zmiany (16 nosicieli)
    /przepisy/rosol-babci-zofii@1280: bez zmiany (15 nosicieli)

h1, h2, h3 | color
  WERDYKT: ŻYWA gdzie indziej — FAŁSZYWE TRAFIENIE
    /@320: bez zmiany (17 nosicieli)
    /odkryj@320: bez zmiany (5 nosicieli)
    /login@320: bez zmiany (3 nosicieli)
    /tagi@320: bez zmiany (4 nosicieli)
    /szukaj?sekcja=przepisy@320: bez zmiany (19 nosicieli)
    /przepisy/rosol-babci-zofii@320: ŻYWA na 1/7 nosicielach
    /@1280: bez zmiany (17 nosicieli)
    /odkryj@1280: bez zmiany (5 nosicieli)
    /login@1280: bez zmiany (3 nosicieli)
    /tagi@1280: bez zmiany (4 nosicieli)
    /szukaj?sekcja=przepisy@1280: bez zmiany (19 nosicieli)
    /przepisy/rosol-babci-zofii@1280: ŻYWA na 1/7 nosicielach

h1 | font-size
  WERDYKT: ŻYWA gdzie indziej — FAŁSZYWE TRAFIENIE
    /@320: bez zmiany (1 nosicieli)
    /odkryj@320: ŻYWA na 1/1 nosicielach
    /login@320: bez zmiany (1 nosicieli)
    /tagi@320: bez zmiany (1 nosicieli)
    /szukaj?sekcja=przepisy@320: bez zmiany (1 nosicieli)
    /przepisy/rosol-babci-zofii@320: bez zmiany (1 nosicieli)
    /@1280: bez zmiany (1 nosicieli)
    /odkryj@1280: ŻYWA na 1/1 nosicielach
    /login@1280: bez zmiany (1 nosicieli)
    /tagi@1280: bez zmiany (1 nosicieli)
    /szukaj?sekcja=przepisy@1280: bez zmiany (1 nosicieli)
    /przepisy/rosol-babci-zofii@1280: bez zmiany (1 nosicieli)

.btn, .field input, .field select, .field textarea | border
  WERDYKT: nigdzie nic nie zmienia
    /@320: bez zmiany (29 nosicieli)
    /odkryj@320: bez zmiany (38 nosicieli)
    /login@320: bez zmiany (15 nosicieli)
    /tagi@320: bez zmiany (11 nosicieli)
    /szukaj?sekcja=przepisy@320: bez zmiany (19 nosicieli)
    /przepisy/rosol-babci-zofii@320: bez zmiany (20 nosicieli)
    /@1280: bez zmiany (29 nosicieli)
    /odkryj@1280: bez zmiany (38 nosicieli)
    /login@1280: bez zmiany (15 nosicieli)
    /tagi@1280: bez zmiany (11 nosicieli)
    /szukaj?sekcja=przepisy@1280: bez zmiany (19 nosicieli)
    /przepisy/rosol-babci-zofii@1280: bez zmiany (20 nosicieli)

.btn | font-family
  WERDYKT: nigdzie nic nie zmienia
    /@320: bez zmiany (29 nosicieli)
    /odkryj@320: bez zmiany (38 nosicieli)
    /login@320: bez zmiany (13 nosicieli)
    /tagi@320: bez zmiany (11 nosicieli)
    /szukaj?sekcja=przepisy@320: bez zmiany (18 nosicieli)
    /przepisy/rosol-babci-zofii@320: bez zmiany (19 nosicieli)
    /@1280: bez zmiany (29 nosicieli)
    /odkryj@1280: bez zmiany (38 nosicieli)
    /login@1280: bez zmiany (13 nosicieli)
    /tagi@1280: bez zmiany (11 nosicieli)
    /szukaj?sekcja=przepisy@1280: bez zmiany (18 nosicieli)
    /przepisy/rosol-babci-zofii@1280: bez zmiany (19 nosicieli)

.btn | font-size
  WERDYKT: nigdzie nic nie zmienia
    /@320: bez zmiany (29 nosicieli)
    /odkryj@320: bez zmiany (38 nosicieli)
    /login@320: bez zmiany (13 nosicieli)
    /tagi@320: bez zmiany (11 nosicieli)
    /szukaj?sekcja=przepisy@320: bez zmiany (18 nosicieli)
    /przepisy/rosol-babci-zofii@320: bez zmiany (19 nosicieli)
    /@1280: bez zmiany (29 nosicieli)
    /odkryj@1280: bez zmiany (38 nosicieli)
    /login@1280: bez zmiany (13 nosicieli)
    /tagi@1280: bez zmiany (11 nosicieli)
    /szukaj?sekcja=przepisy@1280: bez zmiany (18 nosicieli)
    /przepisy/rosol-babci-zofii@1280: bez zmiany (19 nosicieli)

.card | border-radius
  WERDYKT: nigdzie nic nie zmienia
    /@320: bez zmiany (9 nosicieli)
    /odkryj@320: bez zmiany (15 nosicieli)
    /login@320: brak nosiciela
    /tagi@320: brak nosiciela
    /szukaj?sekcja=przepisy@320: brak nosiciela
    /przepisy/rosol-babci-zofii@320: bez zmiany (4 nosicieli)
    /@1280: bez zmiany (9 nosicieli)
    /odkryj@1280: bez zmiany (15 nosicieli)
    /login@1280: brak nosiciela
    /tagi@1280: brak nosiciela
    /szukaj?sekcja=przepisy@1280: brak nosiciela
    /przepisy/rosol-babci-zofii@1280: bez zmiany (4 nosicieli)

.card | box-shadow
  WERDYKT: nigdzie nic nie zmienia
    /@320: bez zmiany (9 nosicieli)
    /odkryj@320: bez zmiany (15 nosicieli)
    /login@320: brak nosiciela
    /tagi@320: brak nosiciela
    /szukaj?sekcja=przepisy@320: brak nosiciela
    /przepisy/rosol-babci-zofii@320: bez zmiany (4 nosicieli)
    /@1280: bez zmiany (9 nosicieli)
    /odkryj@1280: bez zmiany (15 nosicieli)
    /login@1280: brak nosiciela
    /tagi@1280: brak nosiciela
    /szukaj?sekcja=przepisy@1280: brak nosiciela
    /przepisy/rosol-babci-zofii@1280: bez zmiany (4 nosicieli)

.hero | gap
  WERDYKT: nigdzie nic nie zmienia
    /@320: bez zmiany (1 nosicieli)
    /odkryj@320: brak nosiciela
    /login@320: brak nosiciela
    /tagi@320: brak nosiciela
    /szukaj?sekcja=przepisy@320: brak nosiciela
    /przepisy/rosol-babci-zofii@320: brak nosiciela
    /@1280: bez zmiany (1 nosicieli)
    /odkryj@1280: brak nosiciela
    /login@1280: brak nosiciela
    /tagi@1280: brak nosiciela
    /szukaj?sekcja=przepisy@1280: brak nosiciela
    /przepisy/rosol-babci-zofii@1280: brak nosiciela

.hero | grid-template-columns
  WERDYKT: nigdzie nic nie zmienia
    /@320: bez zmiany (1 nosicieli)
    /odkryj@320: brak nosiciela
    /login@320: brak nosiciela
    /tagi@320: brak nosiciela
    /szukaj?sekcja=przepisy@320: brak nosiciela
    /przepisy/rosol-babci-zofii@320: brak nosiciela
    /@1280: bez zmiany (1 nosicieli)
    /odkryj@1280: brak nosiciela
    /login@1280: brak nosiciela
    /tagi@1280: brak nosiciela
    /szukaj?sekcja=przepisy@1280: brak nosiciela
    /przepisy/rosol-babci-zofii@1280: brak nosiciela

.hero | align-items
  WERDYKT: nigdzie nic nie zmienia
    /@320: bez zmiany (1 nosicieli)
    /odkryj@320: brak nosiciela
    /login@320: brak nosiciela
    /tagi@320: brak nosiciela
    /szukaj?sekcja=przepisy@320: brak nosiciela
    /przepisy/rosol-babci-zofii@320: brak nosiciela
    /@1280: bez zmiany (1 nosicieli)
    /odkryj@1280: brak nosiciela
    /login@1280: brak nosiciela
    /tagi@1280: brak nosiciela
    /szukaj?sekcja=przepisy@1280: brak nosiciela
    /przepisy/rosol-babci-zofii@1280: brak nosiciela

.hero-kolaz | gap
  WERDYKT: nigdzie nic nie zmienia
    /@320: bez zmiany (1 nosicieli)
    /odkryj@320: brak nosiciela
    /login@320: brak nosiciela
    /tagi@320: brak nosiciela
    /szukaj?sekcja=przepisy@320: brak nosiciela
    /przepisy/rosol-babci-zofii@320: brak nosiciela
    /@1280: bez zmiany (1 nosicieli)
    /odkryj@1280: brak nosiciela
    /login@1280: brak nosiciela
    /tagi@1280: brak nosiciela
    /szukaj?sekcja=przepisy@1280: brak nosiciela
    /przepisy/rosol-babci-zofii@1280: brak nosiciela

.hero-kolaz-kafel:first-child | rotate
  WERDYKT: nigdzie nic nie zmienia
    /@320: bez zmiany (1 nosicieli)
    /odkryj@320: brak nosiciela
    /login@320: brak nosiciela
    /tagi@320: brak nosiciela
    /szukaj?sekcja=przepisy@320: brak nosiciela
    /przepisy/rosol-babci-zofii@320: brak nosiciela
    /@1280: bez zmiany (1 nosicieli)
    /odkryj@1280: brak nosiciela
    /login@1280: brak nosiciela
    /tagi@1280: brak nosiciela
    /szukaj?sekcja=przepisy@1280: brak nosiciela
    /przepisy/rosol-babci-zofii@1280: brak nosiciela

.hero-kolaz-kafel:nth-child(2) | rotate
  WERDYKT: nigdzie nic nie zmienia
    /@320: bez zmiany (1 nosicieli)
    /odkryj@320: brak nosiciela
    /login@320: brak nosiciela
    /tagi@320: brak nosiciela
    /szukaj?sekcja=przepisy@320: brak nosiciela
    /przepisy/rosol-babci-zofii@320: brak nosiciela
    /@1280: bez zmiany (1 nosicieli)
    /odkryj@1280: brak nosiciela
    /login@1280: brak nosiciela
    /tagi@1280: brak nosiciela
    /szukaj?sekcja=przepisy@1280: brak nosiciela
    /przepisy/rosol-babci-zofii@1280: brak nosiciela

.hero-kolaz-kafel:nth-child(3) | rotate
  WERDYKT: nigdzie nic nie zmienia
    /@320: bez zmiany (1 nosicieli)
    /odkryj@320: brak nosiciela
    /login@320: brak nosiciela
    /tagi@320: brak nosiciela
    /szukaj?sekcja=przepisy@320: brak nosiciela
    /przepisy/rosol-babci-zofii@320: brak nosiciela
    /@1280: bez zmiany (1 nosicieli)
    /odkryj@1280: brak nosiciela
    /login@1280: brak nosiciela
    /tagi@1280: brak nosiciela
    /szukaj?sekcja=przepisy@1280: brak nosiciela
    /przepisy/rosol-babci-zofii@1280: brak nosiciela

.hero-kolaz-kafel:nth-child(4) | rotate
  WERDYKT: nigdzie nic nie zmienia
    /@320: bez zmiany (1 nosicieli)
    /odkryj@320: brak nosiciela
    /login@320: brak nosiciela
    /tagi@320: brak nosiciela
    /szukaj?sekcja=przepisy@320: brak nosiciela
    /przepisy/rosol-babci-zofii@320: brak nosiciela
    /@1280: bez zmiany (1 nosicieli)
    /odkryj@1280: brak nosiciela
    /login@1280: brak nosiciela
    /tagi@1280: brak nosiciela
    /szukaj?sekcja=przepisy@1280: brak nosiciela
    /przepisy/rosol-babci-zofii@1280: brak nosiciela

.hero-kolaz-kafel | border-radius
  WERDYKT: nigdzie nic nie zmienia
    /@320: bez zmiany (4 nosicieli)
    /odkryj@320: brak nosiciela
    /login@320: brak nosiciela
    /tagi@320: brak nosiciela
    /szukaj?sekcja=przepisy@320: brak nosiciela
    /przepisy/rosol-babci-zofii@320: brak nosiciela
    /@1280: bez zmiany (4 nosicieli)
    /odkryj@1280: brak nosiciela
    /login@1280: brak nosiciela
    /tagi@1280: brak nosiciela
    /szukaj?sekcja=przepisy@1280: brak nosiciela
    /przepisy/rosol-babci-zofii@1280: brak nosiciela

.hero-kolaz-kafel | border
  WERDYKT: nigdzie nic nie zmienia
    /@320: bez zmiany (4 nosicieli)
    /odkryj@320: brak nosiciela
    /login@320: brak nosiciela
    /tagi@320: brak nosiciela
    /szukaj?sekcja=przepisy@320: brak nosiciela
    /przepisy/rosol-babci-zofii@320: brak nosiciela
    /@1280: bez zmiany (4 nosicieli)
    /odkryj@1280: brak nosiciela
    /login@1280: brak nosiciela
    /tagi@1280: brak nosiciela
    /szukaj?sekcja=przepisy@1280: brak nosiciela
    /przepisy/rosol-babci-zofii@1280: brak nosiciela

.hero-kolaz-kafel | box-shadow
  WERDYKT: nigdzie nic nie zmienia
    /@320: bez zmiany (4 nosicieli)
    /odkryj@320: brak nosiciela
    /login@320: brak nosiciela
    /tagi@320: brak nosiciela
    /szukaj?sekcja=przepisy@320: brak nosiciela
    /przepisy/rosol-babci-zofii@320: brak nosiciela
    /@1280: bez zmiany (4 nosicieli)
    /odkryj@1280: brak nosiciela
    /login@1280: brak nosiciela
    /tagi@1280: brak nosiciela
    /szukaj?sekcja=przepisy@1280: brak nosiciela
    /przepisy/rosol-babci-zofii@1280: brak nosiciela

.hero-kolaz-podpis | font-size
  WERDYKT: nigdzie nic nie zmienia
    /@320: bez zmiany (1 nosicieli)
    /odkryj@320: brak nosiciela
    /login@320: brak nosiciela
    /tagi@320: brak nosiciela
    /szukaj?sekcja=przepisy@320: brak nosiciela
    /przepisy/rosol-babci-zofii@320: brak nosiciela
    /@1280: bez zmiany (1 nosicieli)
    /odkryj@1280: brak nosiciela
    /login@1280: brak nosiciela
    /tagi@1280: brak nosiciela
    /szukaj?sekcja=przepisy@1280: brak nosiciela
    /przepisy/rosol-babci-zofii@1280: brak nosiciela

.zacheta-akcje | gap
  WERDYKT: nigdzie nic nie zmienia
    /@320: bez zmiany (1 nosicieli)
    /odkryj@320: brak nosiciela
    /login@320: brak nosiciela
    /tagi@320: brak nosiciela
    /szukaj?sekcja=przepisy@320: brak nosiciela
    /przepisy/rosol-babci-zofii@320: brak nosiciela
    /@1280: bez zmiany (1 nosicieli)
    /odkryj@1280: brak nosiciela
    /login@1280: brak nosiciela
    /tagi@1280: brak nosiciela
    /szukaj?sekcja=przepisy@1280: brak nosiciela
    /przepisy/rosol-babci-zofii@1280: brak nosiciela

.zacheta-akcje | flex-wrap
  WERDYKT: nigdzie nic nie zmienia
    /@320: bez zmiany (1 nosicieli)
    /odkryj@320: brak nosiciela
    /login@320: brak nosiciela
    /tagi@320: brak nosiciela
    /szukaj?sekcja=przepisy@320: brak nosiciela
    /przepisy/rosol-babci-zofii@320: brak nosiciela
    /@1280: bez zmiany (1 nosicieli)
    /odkryj@1280: brak nosiciela
    /login@1280: brak nosiciela
    /tagi@1280: brak nosiciela
    /szukaj?sekcja=przepisy@1280: brak nosiciela
    /przepisy/rosol-babci-zofii@1280: brak nosiciela

.app-main | width
  WERDYKT: nigdzie nic nie zmienia
    /@320: bez zmiany (1 nosicieli)
    /odkryj@320: bez zmiany (1 nosicieli)
    /login@320: bez zmiany (1 nosicieli)
    /tagi@320: bez zmiany (1 nosicieli)
    /szukaj?sekcja=przepisy@320: bez zmiany (1 nosicieli)
    /przepisy/rosol-babci-zofii@320: bez zmiany (1 nosicieli)
    /@1280: bez zmiany (1 nosicieli)
    /odkryj@1280: bez zmiany (1 nosicieli)
    /login@1280: bez zmiany (1 nosicieli)
    /tagi@1280: bez zmiany (1 nosicieli)
    /szukaj?sekcja=przepisy@1280: bez zmiany (1 nosicieli)
    /przepisy/rosol-babci-zofii@1280: bez zmiany (1 nosicieli)

.app-main | max-width
  WERDYKT: nigdzie nic nie zmienia
    /@320: bez zmiany (1 nosicieli)
    /odkryj@320: bez zmiany (1 nosicieli)
    /login@320: bez zmiany (1 nosicieli)
    /tagi@320: bez zmiany (1 nosicieli)
    /szukaj?sekcja=przepisy@320: bez zmiany (1 nosicieli)
    /przepisy/rosol-babci-zofii@320: bez zmiany (1 nosicieli)
    /@1280: bez zmiany (1 nosicieli)
    /odkryj@1280: bez zmiany (1 nosicieli)
    /login@1280: bez zmiany (1 nosicieli)
    /tagi@1280: bez zmiany (1 nosicieli)
    /szukaj?sekcja=przepisy@1280: bez zmiany (1 nosicieli)
    /przepisy/rosol-babci-zofii@1280: bez zmiany (1 nosicieli)

.app-main | padding
  WERDYKT: nigdzie nic nie zmienia
    /@320: bez zmiany (1 nosicieli)
    /odkryj@320: bez zmiany (1 nosicieli)
    /login@320: bez zmiany (1 nosicieli)
    /tagi@320: bez zmiany (1 nosicieli)
    /szukaj?sekcja=przepisy@320: bez zmiany (1 nosicieli)
    /przepisy/rosol-babci-zofii@320: bez zmiany (1 nosicieli)
    /@1280: bez zmiany (1 nosicieli)
    /odkryj@1280: bez zmiany (1 nosicieli)
    /login@1280: bez zmiany (1 nosicieli)
    /tagi@1280: bez zmiany (1 nosicieli)
    /szukaj?sekcja=przepisy@1280: bez zmiany (1 nosicieli)
    /przepisy/rosol-babci-zofii@1280: bez zmiany (1 nosicieli)

.app-body | grid-template-columns
  WERDYKT: nigdzie nic nie zmienia
    /@320: bez zmiany (1 nosicieli)
    /odkryj@320: bez zmiany (1 nosicieli)
    /login@320: bez zmiany (1 nosicieli)
    /tagi@320: bez zmiany (1 nosicieli)
    /szukaj?sekcja=przepisy@320: bez zmiany (1 nosicieli)
    /przepisy/rosol-babci-zofii@320: bez zmiany (1 nosicieli)
    /@1280: bez zmiany (1 nosicieli)
    /odkryj@1280: bez zmiany (1 nosicieli)
    /login@1280: bez zmiany (1 nosicieli)
    /tagi@1280: bez zmiany (1 nosicieli)
    /szukaj?sekcja=przepisy@1280: bez zmiany (1 nosicieli)
    /przepisy/rosol-babci-zofii@1280: bez zmiany (1 nosicieli)

.app-body | gap
  WERDYKT: nigdzie nic nie zmienia
    /@320: bez zmiany (1 nosicieli)
    /odkryj@320: bez zmiany (1 nosicieli)
    /login@320: bez zmiany (1 nosicieli)
    /tagi@320: bez zmiany (1 nosicieli)
    /szukaj?sekcja=przepisy@320: bez zmiany (1 nosicieli)
    /przepisy/rosol-babci-zofii@320: bez zmiany (1 nosicieli)
    /@1280: bez zmiany (1 nosicieli)
    /odkryj@1280: bez zmiany (1 nosicieli)
    /login@1280: bez zmiany (1 nosicieli)
    /tagi@1280: bez zmiany (1 nosicieli)
    /szukaj?sekcja=przepisy@1280: bez zmiany (1 nosicieli)
    /przepisy/rosol-babci-zofii@1280: bez zmiany (1 nosicieli)

.app-body | width
  WERDYKT: nigdzie nic nie zmienia
    /@320: bez zmiany (1 nosicieli)
    /odkryj@320: bez zmiany (1 nosicieli)
    /login@320: bez zmiany (1 nosicieli)
    /tagi@320: bez zmiany (1 nosicieli)
    /szukaj?sekcja=przepisy@320: bez zmiany (1 nosicieli)
    /przepisy/rosol-babci-zofii@320: bez zmiany (1 nosicieli)
    /@1280: bez zmiany (1 nosicieli)
    /odkryj@1280: bez zmiany (1 nosicieli)
    /login@1280: bez zmiany (1 nosicieli)
    /tagi@1280: bez zmiany (1 nosicieli)
    /szukaj?sekcja=przepisy@1280: bez zmiany (1 nosicieli)
    /przepisy/rosol-babci-zofii@1280: bez zmiany (1 nosicieli)

.app-body | max-width
  WERDYKT: nigdzie nic nie zmienia
    /@320: bez zmiany (1 nosicieli)
    /odkryj@320: bez zmiany (1 nosicieli)
    /login@320: bez zmiany (1 nosicieli)
    /tagi@320: bez zmiany (1 nosicieli)
    /szukaj?sekcja=przepisy@320: bez zmiany (1 nosicieli)
    /przepisy/rosol-babci-zofii@320: bez zmiany (1 nosicieli)
    /@1280: bez zmiany (1 nosicieli)
    /odkryj@1280: bez zmiany (1 nosicieli)
    /login@1280: bez zmiany (1 nosicieli)
    /tagi@1280: bez zmiany (1 nosicieli)
    /szukaj?sekcja=przepisy@1280: bez zmiany (1 nosicieli)
    /przepisy/rosol-babci-zofii@1280: bez zmiany (1 nosicieli)

.app-body | padding
  WERDYKT: nigdzie nic nie zmienia
    /@320: bez zmiany (1 nosicieli)
    /odkryj@320: bez zmiany (1 nosicieli)
    /login@320: bez zmiany (1 nosicieli)
    /tagi@320: bez zmiany (1 nosicieli)
    /szukaj?sekcja=przepisy@320: bez zmiany (1 nosicieli)
    /przepisy/rosol-babci-zofii@320: bez zmiany (1 nosicieli)
    /@1280: bez zmiany (1 nosicieli)
    /odkryj@1280: bez zmiany (1 nosicieli)
    /login@1280: bez zmiany (1 nosicieli)
    /tagi@1280: bez zmiany (1 nosicieli)
    /szukaj?sekcja=przepisy@1280: bez zmiany (1 nosicieli)
    /przepisy/rosol-babci-zofii@1280: bez zmiany (1 nosicieli)

.app-body | margin
  WERDYKT: nigdzie nic nie zmienia
    /@320: bez zmiany (1 nosicieli)
    /odkryj@320: bez zmiany (1 nosicieli)
    /login@320: bez zmiany (1 nosicieli)
    /tagi@320: bez zmiany (1 nosicieli)
    /szukaj?sekcja=przepisy@320: bez zmiany (1 nosicieli)
    /przepisy/rosol-babci-zofii@320: bez zmiany (1 nosicieli)
    /@1280: bez zmiany (1 nosicieli)
    /odkryj@1280: bez zmiany (1 nosicieli)
    /login@1280: bez zmiany (1 nosicieli)
    /tagi@1280: bez zmiany (1 nosicieli)
    /szukaj?sekcja=przepisy@1280: bez zmiany (1 nosicieli)
    /przepisy/rosol-babci-zofii@1280: bez zmiany (1 nosicieli)

.app-body | display
  WERDYKT: nigdzie nic nie zmienia
    /@320: bez zmiany (1 nosicieli)
    /odkryj@320: bez zmiany (1 nosicieli)
    /login@320: bez zmiany (1 nosicieli)
    /tagi@320: bez zmiany (1 nosicieli)
    /szukaj?sekcja=przepisy@320: bez zmiany (1 nosicieli)
    /przepisy/rosol-babci-zofii@320: bez zmiany (1 nosicieli)
    /@1280: bez zmiany (1 nosicieli)
    /odkryj@1280: bez zmiany (1 nosicieli)
    /login@1280: bez zmiany (1 nosicieli)
    /tagi@1280: bez zmiany (1 nosicieli)
    /szukaj?sekcja=przepisy@1280: bez zmiany (1 nosicieli)
    /przepisy/rosol-babci-zofii@1280: bez zmiany (1 nosicieli)

.app-main | padding-bottom
  WERDYKT: nigdzie nic nie zmienia
    /@320: bez zmiany (1 nosicieli)
    /odkryj@320: bez zmiany (1 nosicieli)
    /login@320: bez zmiany (1 nosicieli)
    /tagi@320: bez zmiany (1 nosicieli)
    /szukaj?sekcja=przepisy@320: bez zmiany (1 nosicieli)
    /przepisy/rosol-babci-zofii@320: bez zmiany (1 nosicieli)
    /@1280: bez zmiany (1 nosicieli)
    /odkryj@1280: bez zmiany (1 nosicieli)
    /login@1280: bez zmiany (1 nosicieli)
    /tagi@1280: bez zmiany (1 nosicieli)
    /szukaj?sekcja=przepisy@1280: bez zmiany (1 nosicieli)
    /przepisy/rosol-babci-zofii@1280: bez zmiany (1 nosicieli)

.app-body-powitalny | grid-template-columns
  WERDYKT: nigdzie nic nie zmienia
    /@320: bez zmiany (1 nosicieli)
    /odkryj@320: brak nosiciela
    /login@320: brak nosiciela
    /tagi@320: brak nosiciela
    /szukaj?sekcja=przepisy@320: brak nosiciela
    /przepisy/rosol-babci-zofii@320: brak nosiciela
    /@1280: bez zmiany (1 nosicieli)
    /odkryj@1280: brak nosiciela
    /login@1280: brak nosiciela
    /tagi@1280: brak nosiciela
    /szukaj?sekcja=przepisy@1280: brak nosiciela
    /przepisy/rosol-babci-zofii@1280: brak nosiciela

.app-body-powitalny | max-width
  WERDYKT: nigdzie nic nie zmienia
    /@320: bez zmiany (1 nosicieli)
    /odkryj@320: brak nosiciela
    /login@320: brak nosiciela
    /tagi@320: brak nosiciela
    /szukaj?sekcja=przepisy@320: brak nosiciela
    /przepisy/rosol-babci-zofii@320: brak nosiciela
    /@1280: bez zmiany (1 nosicieli)
    /odkryj@1280: brak nosiciela
    /login@1280: brak nosiciela
    /tagi@1280: brak nosiciela
    /szukaj?sekcja=przepisy@1280: brak nosiciela
    /przepisy/rosol-babci-zofii@1280: brak nosiciela

.app-body-powitalny | padding
  WERDYKT: nigdzie nic nie zmienia
    /@320: bez zmiany (1 nosicieli)
    /odkryj@320: brak nosiciela
    /login@320: brak nosiciela
    /tagi@320: brak nosiciela
    /szukaj?sekcja=przepisy@320: brak nosiciela
    /przepisy/rosol-babci-zofii@320: brak nosiciela
    /@1280: bez zmiany (1 nosicieli)
    /odkryj@1280: brak nosiciela
    /login@1280: brak nosiciela
    /tagi@1280: brak nosiciela
    /szukaj?sekcja=przepisy@1280: brak nosiciela
    /przepisy/rosol-babci-zofii@1280: brak nosiciela

.app-body-powitalny .app-main | max-width
  WERDYKT: nigdzie nic nie zmienia
    /@320: bez zmiany (1 nosicieli)
    /odkryj@320: brak nosiciela
    /login@320: brak nosiciela
    /tagi@320: brak nosiciela
    /szukaj?sekcja=przepisy@320: brak nosiciela
    /przepisy/rosol-babci-zofii@320: brak nosiciela
    /@1280: bez zmiany (1 nosicieli)
    /odkryj@1280: brak nosiciela
    /login@1280: brak nosiciela
    /tagi@1280: brak nosiciela
    /szukaj?sekcja=przepisy@1280: brak nosiciela
    /przepisy/rosol-babci-zofii@1280: brak nosiciela

.app-body-powitalny .app-main | padding
  WERDYKT: nigdzie nic nie zmienia
    /@320: bez zmiany (1 nosicieli)
    /odkryj@320: brak nosiciela
    /login@320: brak nosiciela
    /tagi@320: brak nosiciela
    /szukaj?sekcja=przepisy@320: brak nosiciela
    /przepisy/rosol-babci-zofii@320: brak nosiciela
    /@1280: bez zmiany (1 nosicieli)
    /odkryj@1280: brak nosiciela
    /login@1280: brak nosiciela
    /tagi@1280: brak nosiciela
    /szukaj?sekcja=przepisy@1280: brak nosiciela
    /przepisy/rosol-babci-zofii@1280: brak nosiciela

.topbar | background-color
  WERDYKT: nigdzie nic nie zmienia
    /@320: bez zmiany (1 nosicieli)
    /odkryj@320: bez zmiany (1 nosicieli)
    /login@320: bez zmiany (1 nosicieli)
    /tagi@320: bez zmiany (1 nosicieli)
    /szukaj?sekcja=przepisy@320: bez zmiany (1 nosicieli)
    /przepisy/rosol-babci-zofii@320: bez zmiany (1 nosicieli)
    /@1280: bez zmiany (1 nosicieli)
    /odkryj@1280: bez zmiany (1 nosicieli)
    /login@1280: bez zmiany (1 nosicieli)
    /tagi@1280: bez zmiany (1 nosicieli)
    /szukaj?sekcja=przepisy@1280: bez zmiany (1 nosicieli)
    /przepisy/rosol-babci-zofii@1280: bez zmiany (1 nosicieli)

.topbar | border-bottom
  WERDYKT: nigdzie nic nie zmienia
    /@320: bez zmiany (1 nosicieli)
    /odkryj@320: bez zmiany (1 nosicieli)
    /login@320: bez zmiany (1 nosicieli)
    /tagi@320: bez zmiany (1 nosicieli)
    /szukaj?sekcja=przepisy@320: bez zmiany (1 nosicieli)
    /przepisy/rosol-babci-zofii@320: bez zmiany (1 nosicieli)
    /@1280: bez zmiany (1 nosicieli)
    /odkryj@1280: bez zmiany (1 nosicieli)
    /login@1280: bez zmiany (1 nosicieli)
    /tagi@1280: bez zmiany (1 nosicieli)
    /szukaj?sekcja=przepisy@1280: bez zmiany (1 nosicieli)
    /przepisy/rosol-babci-zofii@1280: bez zmiany (1 nosicieli)

.topbar | top
  WERDYKT: nigdzie nic nie zmienia
    /@320: bez zmiany (1 nosicieli)
    /odkryj@320: bez zmiany (1 nosicieli)
    /login@320: bez zmiany (1 nosicieli)
    /tagi@320: bez zmiany (1 nosicieli)
    /szukaj?sekcja=przepisy@320: bez zmiany (1 nosicieli)
    /przepisy/rosol-babci-zofii@320: bez zmiany (1 nosicieli)
    /@1280: bez zmiany (1 nosicieli)
    /odkryj@1280: bez zmiany (1 nosicieli)
    /login@1280: bez zmiany (1 nosicieli)
    /tagi@1280: bez zmiany (1 nosicieli)
    /szukaj?sekcja=przepisy@1280: bez zmiany (1 nosicieli)
    /przepisy/rosol-babci-zofii@1280: bez zmiany (1 nosicieli)

.topbar-inner | padding
  WERDYKT: nigdzie nic nie zmienia
    /@320: bez zmiany (1 nosicieli)
    /odkryj@320: bez zmiany (1 nosicieli)
    /login@320: bez zmiany (1 nosicieli)
    /tagi@320: bez zmiany (1 nosicieli)
    /szukaj?sekcja=przepisy@320: bez zmiany (1 nosicieli)
    /przepisy/rosol-babci-zofii@320: bez zmiany (1 nosicieli)
    /@1280: bez zmiany (1 nosicieli)
    /odkryj@1280: bez zmiany (1 nosicieli)
    /login@1280: bez zmiany (1 nosicieli)
    /tagi@1280: bez zmiany (1 nosicieli)
    /szukaj?sekcja=przepisy@1280: bez zmiany (1 nosicieli)
    /przepisy/rosol-babci-zofii@1280: bez zmiany (1 nosicieli)

.topbar-inner | gap
  WERDYKT: nigdzie nic nie zmienia
    /@320: bez zmiany (1 nosicieli)
    /odkryj@320: bez zmiany (1 nosicieli)
    /login@320: bez zmiany (1 nosicieli)
    /tagi@320: bez zmiany (1 nosicieli)
    /szukaj?sekcja=przepisy@320: bez zmiany (1 nosicieli)
    /przepisy/rosol-babci-zofii@320: bez zmiany (1 nosicieli)
    /@1280: bez zmiany (1 nosicieli)
    /odkryj@1280: bez zmiany (1 nosicieli)
    /login@1280: bez zmiany (1 nosicieli)
    /tagi@1280: bez zmiany (1 nosicieli)
    /szukaj?sekcja=przepisy@1280: bez zmiany (1 nosicieli)
    /przepisy/rosol-babci-zofii@1280: bez zmiany (1 nosicieli)

.topbar-inner | flex-wrap
  WERDYKT: nigdzie nic nie zmienia
    /@320: bez zmiany (1 nosicieli)
    /odkryj@320: bez zmiany (1 nosicieli)
    /login@320: bez zmiany (1 nosicieli)
    /tagi@320: bez zmiany (1 nosicieli)
    /szukaj?sekcja=przepisy@320: bez zmiany (1 nosicieli)
    /przepisy/rosol-babci-zofii@320: bez zmiany (1 nosicieli)
    /@1280: bez zmiany (1 nosicieli)
    /odkryj@1280: bez zmiany (1 nosicieli)
    /login@1280: bez zmiany (1 nosicieli)
    /tagi@1280: bez zmiany (1 nosicieli)
    /szukaj?sekcja=przepisy@1280: bez zmiany (1 nosicieli)
    /przepisy/rosol-babci-zofii@1280: bez zmiany (1 nosicieli)

.topbar-inner | display
  WERDYKT: nigdzie nic nie zmienia
    /@320: bez zmiany (1 nosicieli)
    /odkryj@320: bez zmiany (1 nosicieli)
    /login@320: bez zmiany (1 nosicieli)
    /tagi@320: bez zmiany (1 nosicieli)
    /szukaj?sekcja=przepisy@320: bez zmiany (1 nosicieli)
    /przepisy/rosol-babci-zofii@320: bez zmiany (1 nosicieli)
    /@1280: bez zmiany (1 nosicieli)
    /odkryj@1280: bez zmiany (1 nosicieli)
    /login@1280: bez zmiany (1 nosicieli)
    /tagi@1280: bez zmiany (1 nosicieli)
    /szukaj?sekcja=przepisy@1280: bez zmiany (1 nosicieli)
    /przepisy/rosol-babci-zofii@1280: bez zmiany (1 nosicieli)

.topbar-actions | gap
  WERDYKT: nigdzie nic nie zmienia
    /@320: bez zmiany (1 nosicieli)
    /odkryj@320: bez zmiany (1 nosicieli)
    /login@320: bez zmiany (1 nosicieli)
    /tagi@320: bez zmiany (1 nosicieli)
    /szukaj?sekcja=przepisy@320: bez zmiany (1 nosicieli)
    /przepisy/rosol-babci-zofii@320: bez zmiany (1 nosicieli)
    /@1280: bez zmiany (1 nosicieli)
    /odkryj@1280: bez zmiany (1 nosicieli)
    /login@1280: bez zmiany (1 nosicieli)
    /tagi@1280: bez zmiany (1 nosicieli)
    /szukaj?sekcja=przepisy@1280: bez zmiany (1 nosicieli)
    /przepisy/rosol-babci-zofii@1280: bez zmiany (1 nosicieli)

.topbar-actions | flex-wrap
  WERDYKT: nigdzie nic nie zmienia
    /@320: bez zmiany (1 nosicieli)
    /odkryj@320: bez zmiany (1 nosicieli)
    /login@320: bez zmiany (1 nosicieli)
    /tagi@320: bez zmiany (1 nosicieli)
    /szukaj?sekcja=przepisy@320: bez zmiany (1 nosicieli)
    /przepisy/rosol-babci-zofii@320: bez zmiany (1 nosicieli)
    /@1280: bez zmiany (1 nosicieli)
    /odkryj@1280: bez zmiany (1 nosicieli)
    /login@1280: bez zmiany (1 nosicieli)
    /tagi@1280: bez zmiany (1 nosicieli)
    /szukaj?sekcja=przepisy@1280: bez zmiany (1 nosicieli)
    /przepisy/rosol-babci-zofii@1280: bez zmiany (1 nosicieli)

.topbar-inner, .site-footer-inner | max-width
  WERDYKT: nigdzie nic nie zmienia
    /@320: bez zmiany (2 nosicieli)
    /odkryj@320: bez zmiany (2 nosicieli)
    /login@320: bez zmiany (2 nosicieli)
    /tagi@320: bez zmiany (2 nosicieli)
    /szukaj?sekcja=przepisy@320: bez zmiany (2 nosicieli)
    /przepisy/rosol-babci-zofii@320: bez zmiany (2 nosicieli)
    /@1280: bez zmiany (2 nosicieli)
    /odkryj@1280: bez zmiany (2 nosicieli)
    /login@1280: bez zmiany (2 nosicieli)
    /tagi@1280: bez zmiany (2 nosicieli)
    /szukaj?sekcja=przepisy@1280: bez zmiany (2 nosicieli)
    /przepisy/rosol-babci-zofii@1280: bez zmiany (2 nosicieli)

.topbar-inner .topbar-actions | flex-wrap
  WERDYKT: nigdzie nic nie zmienia
    /@320: bez zmiany (1 nosicieli)
    /odkryj@320: bez zmiany (1 nosicieli)
    /login@320: bez zmiany (1 nosicieli)
    /tagi@320: bez zmiany (1 nosicieli)
    /szukaj?sekcja=przepisy@320: bez zmiany (1 nosicieli)
    /przepisy/rosol-babci-zofii@320: bez zmiany (1 nosicieli)
    /@1280: bez zmiany (1 nosicieli)
    /odkryj@1280: bez zmiany (1 nosicieli)
    /login@1280: bez zmiany (1 nosicieli)
    /tagi@1280: bez zmiany (1 nosicieli)
    /szukaj?sekcja=przepisy@1280: bez zmiany (1 nosicieli)
    /przepisy/rosol-babci-zofii@1280: bez zmiany (1 nosicieli)

.uklad-solo .topbar-inner, .uklad-powitalny .topbar-inner | gap
  WERDYKT: nigdzie nic nie zmienia
    /@320: bez zmiany (1 nosicieli)
    /odkryj@320: bez zmiany (1 nosicieli)
    /login@320: bez zmiany (1 nosicieli)
    /tagi@320: bez zmiany (1 nosicieli)
    /szukaj?sekcja=przepisy@320: bez zmiany (1 nosicieli)
    /przepisy/rosol-babci-zofii@320: bez zmiany (1 nosicieli)
    /@1280: bez zmiany (1 nosicieli)
    /odkryj@1280: bez zmiany (1 nosicieli)
    /login@1280: bez zmiany (1 nosicieli)
    /tagi@1280: bez zmiany (1 nosicieli)
    /szukaj?sekcja=przepisy@1280: bez zmiany (1 nosicieli)
    /przepisy/rosol-babci-zofii@1280: bez zmiany (1 nosicieli)

.uklad-solo .topbar-inner, .uklad-powitalny .topbar-inner | display
  WERDYKT: nigdzie nic nie zmienia
    /@320: bez zmiany (1 nosicieli)
    /odkryj@320: bez zmiany (1 nosicieli)
    /login@320: bez zmiany (1 nosicieli)
    /tagi@320: bez zmiany (1 nosicieli)
    /szukaj?sekcja=przepisy@320: bez zmiany (1 nosicieli)
    /przepisy/rosol-babci-zofii@320: bez zmiany (1 nosicieli)
    /@1280: bez zmiany (1 nosicieli)
    /odkryj@1280: bez zmiany (1 nosicieli)
    /login@1280: bez zmiany (1 nosicieli)
    /tagi@1280: bez zmiany (1 nosicieli)
    /szukaj?sekcja=przepisy@1280: bez zmiany (1 nosicieli)
    /przepisy/rosol-babci-zofii@1280: bez zmiany (1 nosicieli)

.uklad-powitalny .topbar-inner, .uklad-powitalny .site-footer-inner | max-width
  WERDYKT: nigdzie nic nie zmienia
    /@320: bez zmiany (2 nosicieli)
    /odkryj@320: brak nosiciela
    /login@320: brak nosiciela
    /tagi@320: brak nosiciela
    /szukaj?sekcja=przepisy@320: brak nosiciela
    /przepisy/rosol-babci-zofii@320: brak nosiciela
    /@1280: bez zmiany (2 nosicieli)
    /odkryj@1280: brak nosiciela
    /login@1280: brak nosiciela
    /tagi@1280: brak nosiciela
    /szukaj?sekcja=przepisy@1280: brak nosiciela
    /przepisy/rosol-babci-zofii@1280: brak nosiciela

.wordmark | font-size
  WERDYKT: nigdzie nic nie zmienia
    /@320: bez zmiany (1 nosicieli)
    /odkryj@320: bez zmiany (1 nosicieli)
    /login@320: bez zmiany (1 nosicieli)
    /tagi@320: bez zmiany (1 nosicieli)
    /szukaj?sekcja=przepisy@320: bez zmiany (1 nosicieli)
    /przepisy/rosol-babci-zofii@320: bez zmiany (1 nosicieli)
    /@1280: bez zmiany (1 nosicieli)
    /odkryj@1280: bez zmiany (1 nosicieli)
    /login@1280: bez zmiany (1 nosicieli)
    /tagi@1280: bez zmiany (1 nosicieli)
    /szukaj?sekcja=przepisy@1280: bez zmiany (1 nosicieli)
    /przepisy/rosol-babci-zofii@1280: bez zmiany (1 nosicieli)

.wordmark | letter-spacing
  WERDYKT: nigdzie nic nie zmienia
    /@320: bez zmiany (1 nosicieli)
    /odkryj@320: bez zmiany (1 nosicieli)
    /login@320: bez zmiany (1 nosicieli)
    /tagi@320: bez zmiany (1 nosicieli)
    /szukaj?sekcja=przepisy@320: bez zmiany (1 nosicieli)
    /przepisy/rosol-babci-zofii@320: bez zmiany (1 nosicieli)
    /@1280: bez zmiany (1 nosicieli)
    /odkryj@1280: bez zmiany (1 nosicieli)
    /login@1280: bez zmiany (1 nosicieli)
    /tagi@1280: bez zmiany (1 nosicieli)
    /szukaj?sekcja=przepisy@1280: bez zmiany (1 nosicieli)
    /przepisy/rosol-babci-zofii@1280: bez zmiany (1 nosicieli)

.wordmark .kuking-mark | width
  WERDYKT: nigdzie nic nie zmienia
    /@320: bez zmiany (1 nosicieli)
    /odkryj@320: bez zmiany (1 nosicieli)
    /login@320: bez zmiany (1 nosicieli)
    /tagi@320: bez zmiany (1 nosicieli)
    /szukaj?sekcja=przepisy@320: bez zmiany (1 nosicieli)
    /przepisy/rosol-babci-zofii@320: bez zmiany (1 nosicieli)
    /@1280: bez zmiany (1 nosicieli)
    /odkryj@1280: bez zmiany (1 nosicieli)
    /login@1280: bez zmiany (1 nosicieli)
    /tagi@1280: bez zmiany (1 nosicieli)
    /szukaj?sekcja=przepisy@1280: bez zmiany (1 nosicieli)
    /przepisy/rosol-babci-zofii@1280: bez zmiany (1 nosicieli)

.wordmark .kuking-mark | height
  WERDYKT: nigdzie nic nie zmienia
    /@320: bez zmiany (1 nosicieli)
    /odkryj@320: bez zmiany (1 nosicieli)
    /login@320: bez zmiany (1 nosicieli)
    /tagi@320: bez zmiany (1 nosicieli)
    /szukaj?sekcja=przepisy@320: bez zmiany (1 nosicieli)
    /przepisy/rosol-babci-zofii@320: bez zmiany (1 nosicieli)
    /@1280: bez zmiany (1 nosicieli)
    /odkryj@1280: bez zmiany (1 nosicieli)
    /login@1280: bez zmiany (1 nosicieli)
    /tagi@1280: bez zmiany (1 nosicieli)
    /szukaj?sekcja=przepisy@1280: bez zmiany (1 nosicieli)
    /przepisy/rosol-babci-zofii@1280: bez zmiany (1 nosicieli)

:root | --rezerwa-pod-belka
  WERDYKT: nigdzie nic nie zmienia
    /@320: bez zmiany (1 nosicieli)
    /odkryj@320: bez zmiany (1 nosicieli)
    /login@320: bez zmiany (1 nosicieli)
    /tagi@320: bez zmiany (1 nosicieli)
    /szukaj?sekcja=przepisy@320: bez zmiany (1 nosicieli)
    /przepisy/rosol-babci-zofii@320: bez zmiany (1 nosicieli)
    /@1280: bez zmiany (1 nosicieli)
    /odkryj@1280: bez zmiany (1 nosicieli)
    /login@1280: bez zmiany (1 nosicieli)
    /tagi@1280: bez zmiany (1 nosicieli)
    /szukaj?sekcja=przepisy@1280: bez zmiany (1 nosicieli)
    /przepisy/rosol-babci-zofii@1280: bez zmiany (1 nosicieli)

:root | --rezerwa-nad-belka
  WERDYKT: nigdzie nic nie zmienia
    /@320: bez zmiany (1 nosicieli)
    /odkryj@320: bez zmiany (1 nosicieli)
    /login@320: bez zmiany (1 nosicieli)
    /tagi@320: bez zmiany (1 nosicieli)
    /szukaj?sekcja=przepisy@320: bez zmiany (1 nosicieli)
    /przepisy/rosol-babci-zofii@320: bez zmiany (1 nosicieli)
    /@1280: bez zmiany (1 nosicieli)
    /odkryj@1280: bez zmiany (1 nosicieli)
    /login@1280: bez zmiany (1 nosicieli)
    /tagi@1280: bez zmiany (1 nosicieli)
    /szukaj?sekcja=przepisy@1280: bez zmiany (1 nosicieli)
    /przepisy/rosol-babci-zofii@1280: bez zmiany (1 nosicieli)

.post-card-head | padding
  WERDYKT: nigdzie nic nie zmienia
    /@320: bez zmiany (9 nosicieli)
    /odkryj@320: bez zmiany (15 nosicieli)
    /login@320: brak nosiciela
    /tagi@320: brak nosiciela
    /szukaj?sekcja=przepisy@320: brak nosiciela
    /przepisy/rosol-babci-zofii@320: brak nosiciela
    /@1280: bez zmiany (9 nosicieli)
    /odkryj@1280: bez zmiany (15 nosicieli)
    /login@1280: brak nosiciela
    /tagi@1280: brak nosiciela
    /szukaj?sekcja=przepisy@1280: brak nosiciela
    /przepisy/rosol-babci-zofii@1280: brak nosiciela

.post-card-body | font-size
  WERDYKT: nigdzie nic nie zmienia
    /@320: bez zmiany (9 nosicieli)
    /odkryj@320: bez zmiany (15 nosicieli)
    /login@320: brak nosiciela
    /tagi@320: brak nosiciela
    /szukaj?sekcja=przepisy@320: brak nosiciela
    /przepisy/rosol-babci-zofii@320: brak nosiciela
    /@1280: bez zmiany (9 nosicieli)
    /odkryj@1280: bez zmiany (15 nosicieli)
    /login@1280: brak nosiciela
    /tagi@1280: brak nosiciela
    /szukaj?sekcja=przepisy@1280: brak nosiciela
    /przepisy/rosol-babci-zofii@1280: brak nosiciela

.post-card-body | line-height
  WERDYKT: nigdzie nic nie zmienia
    /@320: bez zmiany (9 nosicieli)
    /odkryj@320: bez zmiany (15 nosicieli)
    /login@320: brak nosiciela
    /tagi@320: brak nosiciela
    /szukaj?sekcja=przepisy@320: brak nosiciela
    /przepisy/rosol-babci-zofii@320: brak nosiciela
    /@1280: bez zmiany (9 nosicieli)
    /odkryj@1280: bez zmiany (15 nosicieli)
    /login@1280: brak nosiciela
    /tagi@1280: brak nosiciela
    /szukaj?sekcja=przepisy@1280: brak nosiciela
    /przepisy/rosol-babci-zofii@1280: brak nosiciela

.post-card-actions | gap
  WERDYKT: nigdzie nic nie zmienia
    /@320: bez zmiany (9 nosicieli)
    /odkryj@320: bez zmiany (15 nosicieli)
    /login@320: brak nosiciela
    /tagi@320: brak nosiciela
    /szukaj?sekcja=przepisy@320: brak nosiciela
    /przepisy/rosol-babci-zofii@320: brak nosiciela
    /@1280: bez zmiany (9 nosicieli)
    /odkryj@1280: bez zmiany (15 nosicieli)
    /login@1280: brak nosiciela
    /tagi@1280: brak nosiciela
    /szukaj?sekcja=przepisy@1280: brak nosiciela
    /przepisy/rosol-babci-zofii@1280: brak nosiciela

.start-nadtytul | color
  WERDYKT: nigdzie nic nie zmienia
    /@320: bez zmiany (1 nosicieli)
    /odkryj@320: brak nosiciela
    /login@320: brak nosiciela
    /tagi@320: brak nosiciela
    /szukaj?sekcja=przepisy@320: brak nosiciela
    /przepisy/rosol-babci-zofii@320: brak nosiciela
    /@1280: bez zmiany (1 nosicieli)
    /odkryj@1280: brak nosiciela
    /login@1280: brak nosiciela
    /tagi@1280: brak nosiciela
    /szukaj?sekcja=przepisy@1280: brak nosiciela
    /przepisy/rosol-babci-zofii@1280: brak nosiciela

.start-nadtytul | font-size
  WERDYKT: nigdzie nic nie zmienia
    /@320: bez zmiany (1 nosicieli)
    /odkryj@320: brak nosiciela
    /login@320: brak nosiciela
    /tagi@320: brak nosiciela
    /szukaj?sekcja=przepisy@320: brak nosiciela
    /przepisy/rosol-babci-zofii@320: brak nosiciela
    /@1280: bez zmiany (1 nosicieli)
    /odkryj@1280: brak nosiciela
    /login@1280: brak nosiciela
    /tagi@1280: brak nosiciela
    /szukaj?sekcja=przepisy@1280: brak nosiciela
    /przepisy/rosol-babci-zofii@1280: brak nosiciela

.post-photo | background-color
  WERDYKT: nigdzie nic nie zmienia
    /@320: bez zmiany (13 nosicieli)
    /odkryj@320: bez zmiany (13 nosicieli)
    /login@320: brak nosiciela
    /tagi@320: brak nosiciela
    /szukaj?sekcja=przepisy@320: brak nosiciela
    /przepisy/rosol-babci-zofii@320: brak nosiciela
    /@1280: bez zmiany (13 nosicieli)
    /odkryj@1280: bez zmiany (13 nosicieli)
    /login@1280: brak nosiciela
    /tagi@1280: brak nosiciela
    /szukaj?sekcja=przepisy@1280: brak nosiciela
    /przepisy/rosol-babci-zofii@1280: brak nosiciela

.post-photo | width
  WERDYKT: nigdzie nic nie zmienia
    /@320: bez zmiany (13 nosicieli)
    /odkryj@320: bez zmiany (13 nosicieli)
    /login@320: brak nosiciela
    /tagi@320: brak nosiciela
    /szukaj?sekcja=przepisy@320: brak nosiciela
    /przepisy/rosol-babci-zofii@320: brak nosiciela
    /@1280: bez zmiany (13 nosicieli)
    /odkryj@1280: bez zmiany (13 nosicieli)
    /login@1280: brak nosiciela
    /tagi@1280: brak nosiciela
    /szukaj?sekcja=przepisy@1280: brak nosiciela
    /przepisy/rosol-babci-zofii@1280: brak nosiciela

.post-photo | display
  WERDYKT: nigdzie nic nie zmienia
    /@320: bez zmiany (13 nosicieli)
    /odkryj@320: bez zmiany (13 nosicieli)
    /login@320: brak nosiciela
    /tagi@320: brak nosiciela
    /szukaj?sekcja=przepisy@320: brak nosiciela
    /przepisy/rosol-babci-zofii@320: brak nosiciela
    /@1280: bez zmiany (13 nosicieli)
    /odkryj@1280: bez zmiany (13 nosicieli)
    /login@1280: brak nosiciela
    /tagi@1280: brak nosiciela
    /szukaj?sekcja=przepisy@1280: brak nosiciela
    /przepisy/rosol-babci-zofii@1280: brak nosiciela

.karuzela-slajd .photo-zoom-media, .karuzela-slajd > .post-photo | background-color
  WERDYKT: nigdzie nic nie zmienia
    /@320: bez zmiany (3 nosicieli)
    /odkryj@320: bez zmiany (3 nosicieli)
    /login@320: brak nosiciela
    /tagi@320: brak nosiciela
    /szukaj?sekcja=przepisy@320: brak nosiciela
    /przepisy/rosol-babci-zofii@320: brak nosiciela
    /@1280: bez zmiany (3 nosicieli)
    /odkryj@1280: bez zmiany (3 nosicieli)
    /login@1280: brak nosiciela
    /tagi@1280: brak nosiciela
    /szukaj?sekcja=przepisy@1280: brak nosiciela
    /przepisy/rosol-babci-zofii@1280: brak nosiciela

.karuzela-slajd .photo-zoom-media, .karuzela-slajd > .post-photo | width
  WERDYKT: nigdzie nic nie zmienia
    /@320: bez zmiany (3 nosicieli)
    /odkryj@320: bez zmiany (3 nosicieli)
    /login@320: brak nosiciela
    /tagi@320: brak nosiciela
    /szukaj?sekcja=przepisy@320: brak nosiciela
    /przepisy/rosol-babci-zofii@320: brak nosiciela
    /@1280: bez zmiany (3 nosicieli)
    /odkryj@1280: bez zmiany (3 nosicieli)
    /login@1280: brak nosiciela
    /tagi@1280: brak nosiciela
    /szukaj?sekcja=przepisy@1280: brak nosiciela
    /przepisy/rosol-babci-zofii@1280: brak nosiciela

.karuzela-slajd .photo-zoom-media, .karuzela-slajd > .post-photo | display
  WERDYKT: nigdzie nic nie zmienia
    /@320: bez zmiany (3 nosicieli)
    /odkryj@320: bez zmiany (3 nosicieli)
    /login@320: brak nosiciela
    /tagi@320: brak nosiciela
    /szukaj?sekcja=przepisy@320: brak nosiciela
    /przepisy/rosol-babci-zofii@320: brak nosiciela
    /@1280: bez zmiany (3 nosicieli)
    /odkryj@1280: bez zmiany (3 nosicieli)
    /login@1280: brak nosiciela
    /tagi@1280: brak nosiciela
    /szukaj?sekcja=przepisy@1280: brak nosiciela
    /przepisy/rosol-babci-zofii@1280: brak nosiciela

.karuzela-slajd .post-photo | width
  WERDYKT: nigdzie nic nie zmienia
    /@320: bez zmiany (3 nosicieli)
    /odkryj@320: bez zmiany (3 nosicieli)
    /login@320: brak nosiciela
    /tagi@320: brak nosiciela
    /szukaj?sekcja=przepisy@320: brak nosiciela
    /przepisy/rosol-babci-zofii@320: brak nosiciela
    /@1280: bez zmiany (3 nosicieli)
    /odkryj@1280: bez zmiany (3 nosicieli)
    /login@1280: brak nosiciela
    /tagi@1280: brak nosiciela
    /szukaj?sekcja=przepisy@1280: brak nosiciela
    /przepisy/rosol-babci-zofii@1280: brak nosiciela

.kolaz-pole .photo-zoom-media, .kolaz-pole .post-photo | width
  WERDYKT: nigdzie nic nie zmienia
    /@320: bez zmiany (4 nosicieli)
    /odkryj@320: bez zmiany (4 nosicieli)
    /login@320: brak nosiciela
    /tagi@320: brak nosiciela
    /szukaj?sekcja=przepisy@320: brak nosiciela
    /przepisy/rosol-babci-zofii@320: brak nosiciela
    /@1280: bez zmiany (4 nosicieli)
    /odkryj@1280: bez zmiany (4 nosicieli)
    /login@1280: brak nosiciela
    /tagi@1280: brak nosiciela
    /szukaj?sekcja=przepisy@1280: brak nosiciela
    /przepisy/rosol-babci-zofii@1280: brak nosiciela

.avatar | width
  WERDYKT: nigdzie nic nie zmienia
    /@320: bez zmiany (12 nosicieli)
    /odkryj@320: bez zmiany (21 nosicieli)
    /login@320: brak nosiciela
    /tagi@320: brak nosiciela
    /szukaj?sekcja=przepisy@320: bez zmiany (6 nosicieli)
    /przepisy/rosol-babci-zofii@320: bez zmiany (4 nosicieli)
    /@1280: bez zmiany (12 nosicieli)
    /odkryj@1280: bez zmiany (21 nosicieli)
    /login@1280: brak nosiciela
    /tagi@1280: brak nosiciela
    /szukaj?sekcja=przepisy@1280: bez zmiany (6 nosicieli)
    /przepisy/rosol-babci-zofii@1280: bez zmiany (4 nosicieli)

.avatar | height
  WERDYKT: nigdzie nic nie zmienia
    /@320: bez zmiany (12 nosicieli)
    /odkryj@320: bez zmiany (21 nosicieli)
    /login@320: brak nosiciela
    /tagi@320: brak nosiciela
    /szukaj?sekcja=przepisy@320: bez zmiany (6 nosicieli)
    /przepisy/rosol-babci-zofii@320: bez zmiany (4 nosicieli)
    /@1280: bez zmiany (12 nosicieli)
    /odkryj@1280: bez zmiany (21 nosicieli)
    /login@1280: brak nosiciela
    /tagi@1280: brak nosiciela
    /szukaj?sekcja=przepisy@1280: bez zmiany (6 nosicieli)
    /przepisy/rosol-babci-zofii@1280: bez zmiany (4 nosicieli)

.avatar | font-size
  WERDYKT: nigdzie nic nie zmienia
    /@320: bez zmiany (12 nosicieli)
    /odkryj@320: bez zmiany (21 nosicieli)
    /login@320: brak nosiciela
    /tagi@320: brak nosiciela
    /szukaj?sekcja=przepisy@320: bez zmiany (6 nosicieli)
    /przepisy/rosol-babci-zofii@320: bez zmiany (4 nosicieli)
    /@1280: bez zmiany (12 nosicieli)
    /odkryj@1280: bez zmiany (21 nosicieli)
    /login@1280: brak nosiciela
    /tagi@1280: brak nosiciela
    /szukaj?sekcja=przepisy@1280: bez zmiany (6 nosicieli)
    /przepisy/rosol-babci-zofii@1280: bez zmiany (4 nosicieli)

.kuking-board-kolumny | gap
  WERDYKT: nigdzie nic nie zmienia
    /@320: bez zmiany (1 nosicieli)
    /odkryj@320: bez zmiany (1 nosicieli)
    /login@320: brak nosiciela
    /tagi@320: brak nosiciela
    /szukaj?sekcja=przepisy@320: bez zmiany (1 nosicieli)
    /przepisy/rosol-babci-zofii@320: brak nosiciela
    /@1280: bez zmiany (1 nosicieli)
    /odkryj@1280: bez zmiany (1 nosicieli)
    /login@1280: brak nosiciela
    /tagi@1280: brak nosiciela
    /szukaj?sekcja=przepisy@1280: bez zmiany (1 nosicieli)
    /przepisy/rosol-babci-zofii@1280: brak nosiciela

.kuking-board-kolumny | grid-template-columns
  WERDYKT: nigdzie nic nie zmienia
    /@320: bez zmiany (1 nosicieli)
    /odkryj@320: bez zmiany (1 nosicieli)
    /login@320: brak nosiciela
    /tagi@320: brak nosiciela
    /szukaj?sekcja=przepisy@320: bez zmiany (1 nosicieli)
    /przepisy/rosol-babci-zofii@320: brak nosiciela
    /@1280: bez zmiany (1 nosicieli)
    /odkryj@1280: bez zmiany (1 nosicieli)
    /login@1280: brak nosiciela
    /tagi@1280: brak nosiciela
    /szukaj?sekcja=przepisy@1280: bez zmiany (1 nosicieli)
    /przepisy/rosol-babci-zofii@1280: brak nosiciela

.kuking-board-subtitle | font-size
  WERDYKT: nigdzie nic nie zmienia
    /@320: bez zmiany (2 nosicieli)
    /odkryj@320: bez zmiany (2 nosicieli)
    /login@320: brak nosiciela
    /tagi@320: brak nosiciela
    /szukaj?sekcja=przepisy@320: bez zmiany (2 nosicieli)
    /przepisy/rosol-babci-zofii@320: brak nosiciela
    /@1280: bez zmiany (2 nosicieli)
    /odkryj@1280: bez zmiany (2 nosicieli)
    /login@1280: brak nosiciela
    /tagi@1280: brak nosiciela
    /szukaj?sekcja=przepisy@1280: bez zmiany (2 nosicieli)
    /przepisy/rosol-babci-zofii@1280: brak nosiciela

.kuking-board-subtitle | text-transform
  WERDYKT: nigdzie nic nie zmienia
    /@320: bez zmiany (2 nosicieli)
    /odkryj@320: bez zmiany (2 nosicieli)
    /login@320: brak nosiciela
    /tagi@320: brak nosiciela
    /szukaj?sekcja=przepisy@320: bez zmiany (2 nosicieli)
    /przepisy/rosol-babci-zofii@320: brak nosiciela
    /@1280: bez zmiany (2 nosicieli)
    /odkryj@1280: bez zmiany (2 nosicieli)
    /login@1280: brak nosiciela
    /tagi@1280: brak nosiciela
    /szukaj?sekcja=przepisy@1280: bez zmiany (2 nosicieli)
    /przepisy/rosol-babci-zofii@1280: brak nosiciela

.kuking-board-subtitle | letter-spacing
  WERDYKT: nigdzie nic nie zmienia
    /@320: bez zmiany (2 nosicieli)
    /odkryj@320: bez zmiany (2 nosicieli)
    /login@320: brak nosiciela
    /tagi@320: brak nosiciela
    /szukaj?sekcja=przepisy@320: bez zmiany (2 nosicieli)
    /przepisy/rosol-babci-zofii@320: brak nosiciela
    /@1280: bez zmiany (2 nosicieli)
    /odkryj@1280: bez zmiany (2 nosicieli)
    /login@1280: brak nosiciela
    /tagi@1280: brak nosiciela
    /szukaj?sekcja=przepisy@1280: bez zmiany (2 nosicieli)
    /przepisy/rosol-babci-zofii@1280: brak nosiciela

.kuking-board-subtitle | color
  WERDYKT: nigdzie nic nie zmienia
    /@320: bez zmiany (2 nosicieli)
    /odkryj@320: bez zmiany (2 nosicieli)
    /login@320: brak nosiciela
    /tagi@320: brak nosiciela
    /szukaj?sekcja=przepisy@320: bez zmiany (2 nosicieli)
    /przepisy/rosol-babci-zofii@320: brak nosiciela
    /@1280: bez zmiany (2 nosicieli)
    /odkryj@1280: bez zmiany (2 nosicieli)
    /login@1280: brak nosiciela
    /tagi@1280: brak nosiciela
    /szukaj?sekcja=przepisy@1280: bez zmiany (2 nosicieli)
    /przepisy/rosol-babci-zofii@1280: brak nosiciela

.kuking-board-person, .kuking-board-post | padding
  WERDYKT: ŻYWA gdzie indziej — FAŁSZYWE TRAFIENIE
    /@320: bez zmiany (6 nosicieli)
    /odkryj@320: ŻYWA na 12/12 nosicielach
    /login@320: brak nosiciela
    /tagi@320: brak nosiciela
    /szukaj?sekcja=przepisy@320: ŻYWA na 12/12 nosicielach
    /przepisy/rosol-babci-zofii@320: brak nosiciela
    /@1280: bez zmiany (6 nosicieli)
    /odkryj@1280: ŻYWA na 12/12 nosicielach
    /login@1280: brak nosiciela
    /tagi@1280: brak nosiciela
    /szukaj?sekcja=przepisy@1280: ŻYWA na 12/12 nosicielach
    /przepisy/rosol-babci-zofii@1280: brak nosiciela

.kuking-board-avatar, .kuking-board-post-photo | width
  WERDYKT: nigdzie nic nie zmienia
    /@320: bez zmiany (5 nosicieli)
    /odkryj@320: bez zmiany (9 nosicieli)
    /login@320: brak nosiciela
    /tagi@320: brak nosiciela
    /szukaj?sekcja=przepisy@320: bez zmiany (9 nosicieli)
    /przepisy/rosol-babci-zofii@320: brak nosiciela
    /@1280: bez zmiany (5 nosicieli)
    /odkryj@1280: bez zmiany (9 nosicieli)
    /login@1280: brak nosiciela
    /tagi@1280: brak nosiciela
    /szukaj?sekcja=przepisy@1280: bez zmiany (9 nosicieli)
    /przepisy/rosol-babci-zofii@1280: brak nosiciela

.kuking-board-post-photo img | width
  WERDYKT: nigdzie nic nie zmienia
    /@320: bez zmiany (2 nosicieli)
    /odkryj@320: bez zmiany (3 nosicieli)
    /login@320: brak nosiciela
    /tagi@320: brak nosiciela
    /szukaj?sekcja=przepisy@320: bez zmiany (3 nosicieli)
    /przepisy/rosol-babci-zofii@320: brak nosiciela
    /@1280: bez zmiany (2 nosicieli)
    /odkryj@1280: bez zmiany (3 nosicieli)
    /login@1280: brak nosiciela
    /tagi@1280: brak nosiciela
    /szukaj?sekcja=przepisy@1280: bez zmiany (3 nosicieli)
    /przepisy/rosol-babci-zofii@1280: brak nosiciela

.kuking-board-post-photo img | height
  WERDYKT: nigdzie nic nie zmienia
    /@320: bez zmiany (2 nosicieli)
    /odkryj@320: bez zmiany (3 nosicieli)
    /login@320: brak nosiciela
    /tagi@320: brak nosiciela
    /szukaj?sekcja=przepisy@320: bez zmiany (3 nosicieli)
    /przepisy/rosol-babci-zofii@320: brak nosiciela
    /@1280: bez zmiany (2 nosicieli)
    /odkryj@1280: bez zmiany (3 nosicieli)
    /login@1280: brak nosiciela
    /tagi@1280: brak nosiciela
    /szukaj?sekcja=przepisy@1280: bez zmiany (3 nosicieli)
    /przepisy/rosol-babci-zofii@1280: brak nosiciela

.kuking-board-post-photo img | object-fit
  WERDYKT: ŻYWA gdzie indziej — FAŁSZYWE TRAFIENIE
    /@320: bez zmiany (2 nosicieli)
    /odkryj@320: ŻYWA na 3/3 nosicielach
    /login@320: brak nosiciela
    /tagi@320: brak nosiciela
    /szukaj?sekcja=przepisy@320: ŻYWA na 3/3 nosicielach
    /przepisy/rosol-babci-zofii@320: brak nosiciela
    /@1280: bez zmiany (2 nosicieli)
    /odkryj@1280: ŻYWA na 3/3 nosicielach
    /login@1280: brak nosiciela
    /tagi@1280: brak nosiciela
    /szukaj?sekcja=przepisy@1280: ŻYWA na 3/3 nosicielach
    /przepisy/rosol-babci-zofii@1280: brak nosiciela

.kuking-board-post-photo img | border-radius
  WERDYKT: ŻYWA gdzie indziej — FAŁSZYWE TRAFIENIE
    /@320: bez zmiany (2 nosicieli)
    /odkryj@320: ŻYWA na 3/3 nosicielach
    /login@320: brak nosiciela
    /tagi@320: brak nosiciela
    /szukaj?sekcja=przepisy@320: ŻYWA na 3/3 nosicielach
    /przepisy/rosol-babci-zofii@320: brak nosiciela
    /@1280: bez zmiany (2 nosicieli)
    /odkryj@1280: ŻYWA na 3/3 nosicielach
    /login@1280: brak nosiciela
    /tagi@1280: brak nosiciela
    /szukaj?sekcja=przepisy@1280: ŻYWA na 3/3 nosicielach
    /przepisy/rosol-babci-zofii@1280: brak nosiciela

.kuking-board-person-body, .kuking-board-post-body | max-width
  WERDYKT: ŻYWA gdzie indziej — FAŁSZYWE TRAFIENIE
    /@320: bez zmiany (6 nosicieli)
    /odkryj@320: ŻYWA na 12/12 nosicielach
    /login@320: brak nosiciela
    /tagi@320: brak nosiciela
    /szukaj?sekcja=przepisy@320: ŻYWA na 12/12 nosicielach
    /przepisy/rosol-babci-zofii@320: brak nosiciela
    /@1280: bez zmiany (6 nosicieli)
    /odkryj@1280: ŻYWA na 12/12 nosicielach
    /login@1280: brak nosiciela
    /tagi@1280: brak nosiciela
    /szukaj?sekcja=przepisy@1280: ŻYWA na 12/12 nosicielach
    /przepisy/rosol-babci-zofii@1280: brak nosiciela

.kuking-board-post-body | gap
  WERDYKT: ŻYWA gdzie indziej — FAŁSZYWE TRAFIENIE
    /@320: bez zmiany (3 nosicieli)
    /odkryj@320: ŻYWA na 6/6 nosicielach
    /login@320: brak nosiciela
    /tagi@320: brak nosiciela
    /szukaj?sekcja=przepisy@320: ŻYWA na 6/6 nosicielach
    /przepisy/rosol-babci-zofii@320: brak nosiciela
    /@1280: bez zmiany (3 nosicieli)
    /odkryj@1280: ŻYWA na 6/6 nosicielach
    /login@1280: brak nosiciela
    /tagi@1280: brak nosiciela
    /szukaj?sekcja=przepisy@1280: ŻYWA na 6/6 nosicielach
    /przepisy/rosol-babci-zofii@1280: brak nosiciela

.kuking-board-post-link | max-width
  WERDYKT: nigdzie nic nie zmienia
    /@320: bez zmiany (3 nosicieli)
    /odkryj@320: bez zmiany (6 nosicieli)
    /login@320: brak nosiciela
    /tagi@320: brak nosiciela
    /szukaj?sekcja=przepisy@320: bez zmiany (6 nosicieli)
    /przepisy/rosol-babci-zofii@320: brak nosiciela
    /@1280: bez zmiany (3 nosicieli)
    /odkryj@1280: bez zmiany (6 nosicieli)
    /login@1280: brak nosiciela
    /tagi@1280: brak nosiciela
    /szukaj?sekcja=przepisy@1280: bez zmiany (6 nosicieli)
    /przepisy/rosol-babci-zofii@1280: brak nosiciela

.kuking-board-post-link | display
  WERDYKT: nigdzie nic nie zmienia
    /@320: bez zmiany (3 nosicieli)
    /odkryj@320: bez zmiany (6 nosicieli)
    /login@320: brak nosiciela
    /tagi@320: brak nosiciela
    /szukaj?sekcja=przepisy@320: bez zmiany (6 nosicieli)
    /przepisy/rosol-babci-zofii@320: brak nosiciela
    /@1280: bez zmiany (3 nosicieli)
    /odkryj@1280: bez zmiany (6 nosicieli)
    /login@1280: brak nosiciela
    /tagi@1280: brak nosiciela
    /szukaj?sekcja=przepisy@1280: bez zmiany (6 nosicieli)
    /przepisy/rosol-babci-zofii@1280: brak nosiciela

.kuking-board-footer | font-size
  WERDYKT: ŻYWA gdzie indziej — FAŁSZYWE TRAFIENIE
    /@320: bez zmiany (1 nosicieli)
    /odkryj@320: ŻYWA na 1/1 nosicielach
    /login@320: brak nosiciela
    /tagi@320: brak nosiciela
    /szukaj?sekcja=przepisy@320: ŻYWA na 1/1 nosicielach
    /przepisy/rosol-babci-zofii@320: brak nosiciela
    /@1280: bez zmiany (1 nosicieli)
    /odkryj@1280: ŻYWA na 1/1 nosicielach
    /login@1280: brak nosiciela
    /tagi@1280: brak nosiciela
    /szukaj?sekcja=przepisy@1280: ŻYWA na 1/1 nosicielach
    /przepisy/rosol-babci-zofii@1280: brak nosiciela

.site-footer | margin-top
  WERDYKT: nigdzie nic nie zmienia
    /@320: bez zmiany (1 nosicieli)
    /odkryj@320: bez zmiany (1 nosicieli)
    /login@320: bez zmiany (1 nosicieli)
    /tagi@320: bez zmiany (1 nosicieli)
    /szukaj?sekcja=przepisy@320: bez zmiany (1 nosicieli)
    /przepisy/rosol-babci-zofii@320: bez zmiany (1 nosicieli)
    /@1280: bez zmiany (1 nosicieli)
    /odkryj@1280: bez zmiany (1 nosicieli)
    /login@1280: bez zmiany (1 nosicieli)
    /tagi@1280: bez zmiany (1 nosicieli)
    /szukaj?sekcja=przepisy@1280: bez zmiany (1 nosicieli)
    /przepisy/rosol-babci-zofii@1280: bez zmiany (1 nosicieli)

.site-footer | padding-bottom
  WERDYKT: nigdzie nic nie zmienia
    /@320: bez zmiany (1 nosicieli)
    /odkryj@320: bez zmiany (1 nosicieli)
    /login@320: bez zmiany (1 nosicieli)
    /tagi@320: bez zmiany (1 nosicieli)
    /szukaj?sekcja=przepisy@320: bez zmiany (1 nosicieli)
    /przepisy/rosol-babci-zofii@320: bez zmiany (1 nosicieli)
    /@1280: bez zmiany (1 nosicieli)
    /odkryj@1280: bez zmiany (1 nosicieli)
    /login@1280: bez zmiany (1 nosicieli)
    /tagi@1280: bez zmiany (1 nosicieli)
    /szukaj?sekcja=przepisy@1280: bez zmiany (1 nosicieli)
    /przepisy/rosol-babci-zofii@1280: bez zmiany (1 nosicieli)

.landing-tablica > div > h2 | font-size
  WERDYKT: nigdzie nic nie zmienia
    /@320: bez zmiany (1 nosicieli)
    /odkryj@320: brak nosiciela
    /login@320: brak nosiciela
    /tagi@320: brak nosiciela
    /szukaj?sekcja=przepisy@320: brak nosiciela
    /przepisy/rosol-babci-zofii@320: brak nosiciela
    /@1280: bez zmiany (1 nosicieli)
    /odkryj@1280: brak nosiciela
    /login@1280: brak nosiciela
    /tagi@1280: brak nosiciela
    /szukaj?sekcja=przepisy@1280: brak nosiciela
    /przepisy/rosol-babci-zofii@1280: brak nosiciela

.sekcja-strony | background-color
  WERDYKT: ŻYWA gdzie indziej — FAŁSZYWE TRAFIENIE
    /@320: brak nosiciela
    /odkryj@320: bez zmiany (1 nosicieli)
    /login@320: ŻYWA na 1/1 nosicielach
    /tagi@320: brak nosiciela
    /szukaj?sekcja=przepisy@320: bez zmiany (1 nosicieli)
    /przepisy/rosol-babci-zofii@320: bez zmiany (2 nosicieli)
    /@1280: brak nosiciela
    /odkryj@1280: bez zmiany (1 nosicieli)
    /login@1280: ŻYWA na 1/1 nosicielach
    /tagi@1280: brak nosiciela
    /szukaj?sekcja=przepisy@1280: bez zmiany (1 nosicieli)
    /przepisy/rosol-babci-zofii@1280: bez zmiany (2 nosicieli)

.sekcja-strony | border
  WERDYKT: ŻYWA gdzie indziej — FAŁSZYWE TRAFIENIE
    /@320: brak nosiciela
    /odkryj@320: bez zmiany (1 nosicieli)
    /login@320: ŻYWA na 1/1 nosicielach
    /tagi@320: brak nosiciela
    /szukaj?sekcja=przepisy@320: bez zmiany (1 nosicieli)
    /przepisy/rosol-babci-zofii@320: bez zmiany (2 nosicieli)
    /@1280: brak nosiciela
    /odkryj@1280: bez zmiany (1 nosicieli)
    /login@1280: ŻYWA na 1/1 nosicielach
    /tagi@1280: brak nosiciela
    /szukaj?sekcja=przepisy@1280: bez zmiany (1 nosicieli)
    /przepisy/rosol-babci-zofii@1280: bez zmiany (2 nosicieli)

.sekcja-strony | padding
  WERDYKT: ŻYWA gdzie indziej — FAŁSZYWE TRAFIENIE
    /@320: brak nosiciela
    /odkryj@320: bez zmiany (1 nosicieli)
    /login@320: ŻYWA na 1/1 nosicielach
    /tagi@320: brak nosiciela
    /szukaj?sekcja=przepisy@320: bez zmiany (1 nosicieli)
    /przepisy/rosol-babci-zofii@320: bez zmiany (2 nosicieli)
    /@1280: brak nosiciela
    /odkryj@1280: bez zmiany (1 nosicieli)
    /login@1280: ŻYWA na 1/1 nosicielach
    /tagi@1280: brak nosiciela
    /szukaj?sekcja=przepisy@1280: bez zmiany (1 nosicieli)
    /przepisy/rosol-babci-zofii@1280: bez zmiany (2 nosicieli)

.nadtytul | margin
  WERDYKT: ŻYWA gdzie indziej — FAŁSZYWE TRAFIENIE
    /@320: ŻYWA na 4/4 nosicielach
    /odkryj@320: bez zmiany (1 nosicieli)
    /login@320: brak nosiciela
    /tagi@320: brak nosiciela
    /szukaj?sekcja=przepisy@320: bez zmiany (1 nosicieli)
    /przepisy/rosol-babci-zofii@320: brak nosiciela
    /@1280: ŻYWA na 4/4 nosicielach
    /odkryj@1280: bez zmiany (1 nosicieli)
    /login@1280: brak nosiciela
    /tagi@1280: brak nosiciela
    /szukaj?sekcja=przepisy@1280: bez zmiany (1 nosicieli)
    /przepisy/rosol-babci-zofii@1280: brak nosiciela

.nadtytul | font-size
  WERDYKT: nigdzie nic nie zmienia
    /@320: bez zmiany (4 nosicieli)
    /odkryj@320: bez zmiany (1 nosicieli)
    /login@320: brak nosiciela
    /tagi@320: brak nosiciela
    /szukaj?sekcja=przepisy@320: bez zmiany (1 nosicieli)
    /przepisy/rosol-babci-zofii@320: brak nosiciela
    /@1280: bez zmiany (4 nosicieli)
    /odkryj@1280: bez zmiany (1 nosicieli)
    /login@1280: brak nosiciela
    /tagi@1280: brak nosiciela
    /szukaj?sekcja=przepisy@1280: bez zmiany (1 nosicieli)
    /przepisy/rosol-babci-zofii@1280: brak nosiciela

.odkryj-szyna > * | margin-bottom
  WERDYKT: nigdzie nic nie zmienia
    /@320: brak nosiciela
    /odkryj@320: bez zmiany (1 nosicieli)
    /login@320: brak nosiciela
    /tagi@320: brak nosiciela
    /szukaj?sekcja=przepisy@320: brak nosiciela
    /przepisy/rosol-babci-zofii@320: brak nosiciela
    /@1280: brak nosiciela
    /odkryj@1280: bez zmiany (1 nosicieli)
    /login@1280: brak nosiciela
    /tagi@1280: brak nosiciela
    /szukaj?sekcja=przepisy@1280: brak nosiciela
    /przepisy/rosol-babci-zofii@1280: brak nosiciela

.app-body-solo | max-width
  WERDYKT: nigdzie nic nie zmienia
    /@320: brak nosiciela
    /odkryj@320: bez zmiany (1 nosicieli)
    /login@320: bez zmiany (1 nosicieli)
    /tagi@320: bez zmiany (1 nosicieli)
    /szukaj?sekcja=przepisy@320: bez zmiany (1 nosicieli)
    /przepisy/rosol-babci-zofii@320: bez zmiany (1 nosicieli)
    /@1280: brak nosiciela
    /odkryj@1280: bez zmiany (1 nosicieli)
    /login@1280: bez zmiany (1 nosicieli)
    /tagi@1280: bez zmiany (1 nosicieli)
    /szukaj?sekcja=przepisy@1280: bez zmiany (1 nosicieli)
    /przepisy/rosol-babci-zofii@1280: bez zmiany (1 nosicieli)

.app-body-solo | grid-template-columns
  WERDYKT: nigdzie nic nie zmienia
    /@320: brak nosiciela
    /odkryj@320: bez zmiany (1 nosicieli)
    /login@320: bez zmiany (1 nosicieli)
    /tagi@320: bez zmiany (1 nosicieli)
    /szukaj?sekcja=przepisy@320: bez zmiany (1 nosicieli)
    /przepisy/rosol-babci-zofii@320: bez zmiany (1 nosicieli)
    /@1280: brak nosiciela
    /odkryj@1280: bez zmiany (1 nosicieli)
    /login@1280: bez zmiany (1 nosicieli)
    /tagi@1280: bez zmiany (1 nosicieli)
    /szukaj?sekcja=przepisy@1280: bez zmiany (1 nosicieli)
    /przepisy/rosol-babci-zofii@1280: bez zmiany (1 nosicieli)

.app-body-tresc-z-szyna .app-main | grid-column
  WERDYKT: nigdzie nic nie zmienia
    /@320: brak nosiciela
    /odkryj@320: bez zmiany (1 nosicieli)
    /login@320: brak nosiciela
    /tagi@320: brak nosiciela
    /szukaj?sekcja=przepisy@320: brak nosiciela
    /przepisy/rosol-babci-zofii@320: bez zmiany (1 nosicieli)
    /@1280: brak nosiciela
    /odkryj@1280: bez zmiany (1 nosicieli)
    /login@1280: brak nosiciela
    /tagi@1280: brak nosiciela
    /szukaj?sekcja=przepisy@1280: brak nosiciela
    /przepisy/rosol-babci-zofii@1280: bez zmiany (1 nosicieli)

.app-body-tresc-z-szyna .app-main | max-width
  WERDYKT: nigdzie nic nie zmienia
    /@320: brak nosiciela
    /odkryj@320: bez zmiany (1 nosicieli)
    /login@320: brak nosiciela
    /tagi@320: brak nosiciela
    /szukaj?sekcja=przepisy@320: brak nosiciela
    /przepisy/rosol-babci-zofii@320: bez zmiany (1 nosicieli)
    /@1280: brak nosiciela
    /odkryj@1280: bez zmiany (1 nosicieli)
    /login@1280: brak nosiciela
    /tagi@1280: brak nosiciela
    /szukaj?sekcja=przepisy@1280: brak nosiciela
    /przepisy/rosol-babci-zofii@1280: bez zmiany (1 nosicieli)

.app-body-solo.app-body-tresc-z-szyna | max-width
  WERDYKT: nigdzie nic nie zmienia
    /@320: brak nosiciela
    /odkryj@320: bez zmiany (1 nosicieli)
    /login@320: brak nosiciela
    /tagi@320: brak nosiciela
    /szukaj?sekcja=przepisy@320: brak nosiciela
    /przepisy/rosol-babci-zofii@320: bez zmiany (1 nosicieli)
    /@1280: brak nosiciela
    /odkryj@1280: bez zmiany (1 nosicieli)
    /login@1280: brak nosiciela
    /tagi@1280: brak nosiciela
    /szukaj?sekcja=przepisy@1280: brak nosiciela
    /przepisy/rosol-babci-zofii@1280: bez zmiany (1 nosicieli)

.app-body-solo.app-body-tresc-z-szyna .app-main | grid-column
  WERDYKT: nigdzie nic nie zmienia
    /@320: brak nosiciela
    /odkryj@320: bez zmiany (1 nosicieli)
    /login@320: brak nosiciela
    /tagi@320: brak nosiciela
    /szukaj?sekcja=przepisy@320: brak nosiciela
    /przepisy/rosol-babci-zofii@320: bez zmiany (1 nosicieli)
    /@1280: brak nosiciela
    /odkryj@1280: bez zmiany (1 nosicieli)
    /login@1280: brak nosiciela
    /tagi@1280: brak nosiciela
    /szukaj?sekcja=przepisy@1280: brak nosiciela
    /przepisy/rosol-babci-zofii@1280: bez zmiany (1 nosicieli)

.uklad-solo .topbar-inner, .uklad-solo .site-footer-inner | max-width
  WERDYKT: nigdzie nic nie zmienia
    /@320: brak nosiciela
    /odkryj@320: bez zmiany (2 nosicieli)
    /login@320: bez zmiany (2 nosicieli)
    /tagi@320: bez zmiany (2 nosicieli)
    /szukaj?sekcja=przepisy@320: bez zmiany (2 nosicieli)
    /przepisy/rosol-babci-zofii@320: bez zmiany (2 nosicieli)
    /@1280: brak nosiciela
    /odkryj@1280: bez zmiany (2 nosicieli)
    /login@1280: bez zmiany (2 nosicieli)
    /tagi@1280: bez zmiany (2 nosicieli)
    /szukaj?sekcja=przepisy@1280: bez zmiany (2 nosicieli)
    /przepisy/rosol-babci-zofii@1280: bez zmiany (2 nosicieli)

.uklad-solo-z-szyna .topbar-inner, .uklad-solo-z-szyna .site-footer-inner | max-width
  WERDYKT: nigdzie nic nie zmienia
    /@320: brak nosiciela
    /odkryj@320: bez zmiany (2 nosicieli)
    /login@320: brak nosiciela
    /tagi@320: brak nosiciela
    /szukaj?sekcja=przepisy@320: bez zmiany (2 nosicieli)
    /przepisy/rosol-babci-zofii@320: bez zmiany (2 nosicieli)
    /@1280: brak nosiciela
    /odkryj@1280: bez zmiany (2 nosicieli)
    /login@1280: brak nosiciela
    /tagi@1280: brak nosiciela
    /szukaj?sekcja=przepisy@1280: bez zmiany (2 nosicieli)
    /przepisy/rosol-babci-zofii@1280: bez zmiany (2 nosicieli)

.kuking-board | --tablica-zdjecie
  WERDYKT: nigdzie nic nie zmienia
    /@320: bez zmiany (1 nosicieli)
    /odkryj@320: bez zmiany (1 nosicieli)
    /login@320: brak nosiciela
    /tagi@320: brak nosiciela
    /szukaj?sekcja=przepisy@320: bez zmiany (1 nosicieli)
    /przepisy/rosol-babci-zofii@320: brak nosiciela
    /@1280: bez zmiany (1 nosicieli)
    /odkryj@1280: bez zmiany (1 nosicieli)
    /login@1280: brak nosiciela
    /tagi@1280: brak nosiciela
    /szukaj?sekcja=przepisy@1280: bez zmiany (1 nosicieli)
    /przepisy/rosol-babci-zofii@1280: brak nosiciela

.kuking-board-subtitle | margin
  WERDYKT: nigdzie nic nie zmienia
    /@320: bez zmiany (2 nosicieli)
    /odkryj@320: bez zmiany (2 nosicieli)
    /login@320: brak nosiciela
    /tagi@320: brak nosiciela
    /szukaj?sekcja=przepisy@320: bez zmiany (2 nosicieli)
    /przepisy/rosol-babci-zofii@320: brak nosiciela
    /@1280: bez zmiany (2 nosicieli)
    /odkryj@1280: bez zmiany (2 nosicieli)
    /login@1280: brak nosiciela
    /tagi@1280: brak nosiciela
    /szukaj?sekcja=przepisy@1280: bez zmiany (2 nosicieli)
    /przepisy/rosol-babci-zofii@1280: brak nosiciela

button, input, select, optgroup, textarea | opacity
  WERDYKT: nigdzie nic nie zmienia
    /@320: bez zmiany (13 nosicieli)
    /odkryj@320: bez zmiany (13 nosicieli)
    /login@320: bez zmiany (17 nosicieli)
    /tagi@320: bez zmiany (13 nosicieli)
    /szukaj?sekcja=przepisy@320: bez zmiany (16 nosicieli)
    /przepisy/rosol-babci-zofii@320: bez zmiany (15 nosicieli)
    /@1280: bez zmiany (13 nosicieli)
    /odkryj@1280: bez zmiany (13 nosicieli)
    /login@1280: bez zmiany (17 nosicieli)
    /tagi@1280: bez zmiany (13 nosicieli)
    /szukaj?sekcja=przepisy@1280: bez zmiany (16 nosicieli)
    /przepisy/rosol-babci-zofii@1280: bez zmiany (15 nosicieli)

*, ::before, ::after | transition-duration
  WERDYKT: nigdzie nic nie zmienia
    /@320: brak nosiciela
    /odkryj@320: brak nosiciela
    /login@320: brak nosiciela
    /tagi@320: brak nosiciela
    /szukaj?sekcja=przepisy@320: brak nosiciela
    /przepisy/rosol-babci-zofii@320: brak nosiciela
    /@1280: brak nosiciela
    /odkryj@1280: brak nosiciela
    /login@1280: brak nosiciela
    /tagi@1280: brak nosiciela
    /szukaj?sekcja=przepisy@1280: brak nosiciela
    /przepisy/rosol-babci-zofii@1280: brak nosiciela

.field-help | font-size
  WERDYKT: ŻYWA gdzie indziej — FAŁSZYWE TRAFIENIE
    /@320: brak nosiciela
    /odkryj@320: brak nosiciela
    /login@320: bez zmiany (1 nosicieli)
    /tagi@320: brak nosiciela
    /szukaj?sekcja=przepisy@320: bez zmiany (1 nosicieli)
    /przepisy/rosol-babci-zofii@320: ŻYWA na 1/1 nosicielach
    /@1280: brak nosiciela
    /odkryj@1280: brak nosiciela
    /login@1280: bez zmiany (1 nosicieli)
    /tagi@1280: brak nosiciela
    /szukaj?sekcja=przepisy@1280: bez zmiany (1 nosicieli)
    /przepisy/rosol-babci-zofii@1280: ŻYWA na 1/1 nosicielach

.panel-formularza | background-color
  WERDYKT: nigdzie nic nie zmienia
    /@320: brak nosiciela
    /odkryj@320: brak nosiciela
    /login@320: bez zmiany (1 nosicieli)
    /tagi@320: brak nosiciela
    /szukaj?sekcja=przepisy@320: bez zmiany (1 nosicieli)
    /przepisy/rosol-babci-zofii@320: brak nosiciela
    /@1280: brak nosiciela
    /odkryj@1280: brak nosiciela
    /login@1280: bez zmiany (1 nosicieli)
    /tagi@1280: brak nosiciela
    /szukaj?sekcja=przepisy@1280: bez zmiany (1 nosicieli)
    /przepisy/rosol-babci-zofii@1280: brak nosiciela

.panel-formularza | border
  WERDYKT: nigdzie nic nie zmienia
    /@320: brak nosiciela
    /odkryj@320: brak nosiciela
    /login@320: bez zmiany (1 nosicieli)
    /tagi@320: brak nosiciela
    /szukaj?sekcja=przepisy@320: bez zmiany (1 nosicieli)
    /przepisy/rosol-babci-zofii@320: brak nosiciela
    /@1280: brak nosiciela
    /odkryj@1280: brak nosiciela
    /login@1280: bez zmiany (1 nosicieli)
    /tagi@1280: brak nosiciela
    /szukaj?sekcja=przepisy@1280: bez zmiany (1 nosicieli)
    /przepisy/rosol-babci-zofii@1280: brak nosiciela

.panel-formularza | border-radius
  WERDYKT: nigdzie nic nie zmienia
    /@320: brak nosiciela
    /@320: brak nosiciela
    /odkryj@320: brak nosiciela
    /odkryj@320: brak nosiciela
    /login@320: bez zmiany (1 nosicieli)
    /login@320: bez zmiany (1 nosicieli)
    /tagi@320: brak nosiciela
    /tagi@320: brak nosiciela
    /szukaj?sekcja=przepisy@320: bez zmiany (1 nosicieli)
    /szukaj?sekcja=przepisy@320: bez zmiany (1 nosicieli)
    /przepisy/rosol-babci-zofii@320: brak nosiciela
    /przepisy/rosol-babci-zofii@320: brak nosiciela
    /@1280: brak nosiciela
    /@1280: brak nosiciela
    /odkryj@1280: brak nosiciela
    /odkryj@1280: brak nosiciela
    /login@1280: bez zmiany (1 nosicieli)
    /login@1280: bez zmiany (1 nosicieli)
    /tagi@1280: brak nosiciela
    /tagi@1280: brak nosiciela
    /szukaj?sekcja=przepisy@1280: bez zmiany (1 nosicieli)
    /szukaj?sekcja=przepisy@1280: bez zmiany (1 nosicieli)
    /przepisy/rosol-babci-zofii@1280: brak nosiciela
    /przepisy/rosol-babci-zofii@1280: brak nosiciela

.panel-formularza | box-shadow
  WERDYKT: nigdzie nic nie zmienia
    /@320: brak nosiciela
    /odkryj@320: brak nosiciela
    /login@320: bez zmiany (1 nosicieli)
    /tagi@320: brak nosiciela
    /szukaj?sekcja=przepisy@320: bez zmiany (1 nosicieli)
    /przepisy/rosol-babci-zofii@320: brak nosiciela
    /@1280: brak nosiciela
    /odkryj@1280: brak nosiciela
    /login@1280: bez zmiany (1 nosicieli)
    /tagi@1280: brak nosiciela
    /szukaj?sekcja=przepisy@1280: bez zmiany (1 nosicieli)
    /przepisy/rosol-babci-zofii@1280: brak nosiciela

.panel-formularza | padding
  WERDYKT: nigdzie nic nie zmienia
    /@320: brak nosiciela
    /odkryj@320: brak nosiciela
    /login@320: bez zmiany (1 nosicieli)
    /tagi@320: brak nosiciela
    /szukaj?sekcja=przepisy@320: bez zmiany (1 nosicieli)
    /przepisy/rosol-babci-zofii@320: brak nosiciela
    /@1280: brak nosiciela
    /odkryj@1280: brak nosiciela
    /login@1280: bez zmiany (1 nosicieli)
    /tagi@1280: brak nosiciela
    /szukaj?sekcja=przepisy@1280: bez zmiany (1 nosicieli)
    /przepisy/rosol-babci-zofii@1280: brak nosiciela

.app-main .marka-wejscie-karta > :is(.card, .panel-formularza, .sekcja-strony, .ramka-pomocnicza, .kafel-akcji, .error-summary) + :is(.card, .panel-formularza, .sekcja-strony, .ramka-pomocnicza, .kafel-akcji, .error-summary), .app-main > :is(.card, .panel-formularza, .sekcja-strony, .ramka-pomocnicza, .kafel-akcji, .error-summary) + :is(.card, .panel-formularza, .sekcja-strony, .ramka-pomocnicza, .kafel-akcji, .error-summary) | margin-top
  WERDYKT: nigdzie nic nie zmienia
    /@320: brak nosiciela
    /odkryj@320: brak nosiciela
    /login@320: bez zmiany (1 nosicieli)
    /tagi@320: brak nosiciela
    /szukaj?sekcja=przepisy@320: brak nosiciela
    /przepisy/rosol-babci-zofii@320: brak nosiciela
    /@1280: brak nosiciela
    /odkryj@1280: brak nosiciela
    /login@1280: bez zmiany (1 nosicieli)
    /tagi@1280: brak nosiciela
    /szukaj?sekcja=przepisy@1280: brak nosiciela
    /przepisy/rosol-babci-zofii@1280: brak nosiciela

.app-main > h1 | margin-bottom
  WERDYKT: nigdzie nic nie zmienia
    /@320: brak nosiciela
    /odkryj@320: brak nosiciela
    /login@320: brak nosiciela
    /tagi@320: bez zmiany (1 nosicieli)
    /szukaj?sekcja=przepisy@320: bez zmiany (1 nosicieli)
    /przepisy/rosol-babci-zofii@320: brak nosiciela
    /@1280: brak nosiciela
    /odkryj@1280: brak nosiciela
    /login@1280: brak nosiciela
    /tagi@1280: bez zmiany (1 nosicieli)
    /szukaj?sekcja=przepisy@1280: bez zmiany (1 nosicieli)
    /przepisy/rosol-babci-zofii@1280: brak nosiciela

.field-input | background-color
  WERDYKT: ŻYWA gdzie indziej — FAŁSZYWE TRAFIENIE
    /@320: brak nosiciela
    /odkryj@320: brak nosiciela
    /login@320: ŻYWA na 2/2 nosicielach
    /tagi@320: brak nosiciela
    /szukaj?sekcja=przepisy@320: bez zmiany (1 nosicieli)
    /przepisy/rosol-babci-zofii@320: ŻYWA na 1/1 nosicielach
    /@1280: brak nosiciela
    /odkryj@1280: brak nosiciela
    /login@1280: ŻYWA na 2/2 nosicielach
    /tagi@1280: brak nosiciela
    /szukaj?sekcja=przepisy@1280: bez zmiany (1 nosicieli)
    /przepisy/rosol-babci-zofii@1280: ŻYWA na 1/1 nosicielach

.field-input | border-radius
  WERDYKT: ŻYWA gdzie indziej — FAŁSZYWE TRAFIENIE
    /@320: brak nosiciela
    /odkryj@320: brak nosiciela
    /login@320: ŻYWA na 2/2 nosicielach
    /tagi@320: brak nosiciela
    /szukaj?sekcja=przepisy@320: bez zmiany (1 nosicieli)
    /przepisy/rosol-babci-zofii@320: ŻYWA na 1/1 nosicielach
    /@1280: brak nosiciela
    /odkryj@1280: brak nosiciela
    /login@1280: ŻYWA na 2/2 nosicielach
    /tagi@1280: brak nosiciela
    /szukaj?sekcja=przepisy@1280: bez zmiany (1 nosicieli)
    /przepisy/rosol-babci-zofii@1280: ŻYWA na 1/1 nosicielach

.wyszukiwarka-input | border-radius
  WERDYKT: nigdzie nic nie zmienia
    /@320: brak nosiciela
    /odkryj@320: brak nosiciela
    /login@320: brak nosiciela
    /tagi@320: brak nosiciela
    /szukaj?sekcja=przepisy@320: bez zmiany (1 nosicieli)
    /przepisy/rosol-babci-zofii@320: brak nosiciela
    /@1280: brak nosiciela
    /odkryj@1280: brak nosiciela
    /login@1280: brak nosiciela
    /tagi@1280: brak nosiciela
    /szukaj?sekcja=przepisy@1280: bez zmiany (1 nosicieli)
    /przepisy/rosol-babci-zofii@1280: brak nosiciela

.app-rail | padding
  WERDYKT: nigdzie nic nie zmienia
    /@320: brak nosiciela
    /odkryj@320: brak nosiciela
    /login@320: brak nosiciela
    /tagi@320: brak nosiciela
    /szukaj?sekcja=przepisy@320: bez zmiany (1 nosicieli)
    /przepisy/rosol-babci-zofii@320: brak nosiciela
    /@1280: brak nosiciela
    /odkryj@1280: brak nosiciela
    /login@1280: brak nosiciela
    /tagi@1280: brak nosiciela
    /szukaj?sekcja=przepisy@1280: bez zmiany (1 nosicieli)
    /przepisy/rosol-babci-zofii@1280: brak nosiciela

.app-body-solo-z-szyna | grid-template-columns
  WERDYKT: nigdzie nic nie zmienia
    /@320: brak nosiciela
    /odkryj@320: brak nosiciela
    /login@320: brak nosiciela
    /tagi@320: brak nosiciela
    /szukaj?sekcja=przepisy@320: bez zmiany (1 nosicieli)
    /przepisy/rosol-babci-zofii@320: brak nosiciela
    /@1280: brak nosiciela
    /odkryj@1280: brak nosiciela
    /login@1280: brak nosiciela
    /tagi@1280: brak nosiciela
    /szukaj?sekcja=przepisy@1280: bez zmiany (1 nosicieli)
    /przepisy/rosol-babci-zofii@1280: brak nosiciela

.app-body-solo-z-szyna | max-width
  WERDYKT: nigdzie nic nie zmienia
    /@320: brak nosiciela
    /odkryj@320: brak nosiciela
    /login@320: brak nosiciela
    /tagi@320: brak nosiciela
    /szukaj?sekcja=przepisy@320: bez zmiany (1 nosicieli)
    /przepisy/rosol-babci-zofii@320: brak nosiciela
    /@1280: brak nosiciela
    /odkryj@1280: brak nosiciela
    /login@1280: brak nosiciela
    /tagi@1280: brak nosiciela
    /szukaj?sekcja=przepisy@1280: bez zmiany (1 nosicieli)
    /przepisy/rosol-babci-zofii@1280: brak nosiciela

.panel-formularza:has(.wyszukiwarka-input) | border-radius
  WERDYKT: nigdzie nic nie zmienia
    /@320: brak nosiciela
    /odkryj@320: brak nosiciela
    /login@320: brak nosiciela
    /tagi@320: brak nosiciela
    /szukaj?sekcja=przepisy@320: bez zmiany (1 nosicieli)
    /przepisy/rosol-babci-zofii@320: brak nosiciela
    /@1280: brak nosiciela
    /odkryj@1280: brak nosiciela
    /login@1280: brak nosiciela
    /tagi@1280: brak nosiciela
    /szukaj?sekcja=przepisy@1280: bez zmiany (1 nosicieli)
    /przepisy/rosol-babci-zofii@1280: brak nosiciela

.panel-formularza:has(.wyszukiwarka-input) | box-shadow
  WERDYKT: nigdzie nic nie zmienia
    /@320: brak nosiciela
    /odkryj@320: brak nosiciela
    /login@320: brak nosiciela
    /tagi@320: brak nosiciela
    /szukaj?sekcja=przepisy@320: bez zmiany (1 nosicieli)
    /przepisy/rosol-babci-zofii@320: brak nosiciela
    /@1280: brak nosiciela
    /odkryj@1280: brak nosiciela
    /login@1280: brak nosiciela
    /tagi@1280: brak nosiciela
    /szukaj?sekcja=przepisy@1280: bez zmiany (1 nosicieli)
    /przepisy/rosol-babci-zofii@1280: brak nosiciela

.chipsy[aria-label="Co przeszukujemy"] | gap
  WERDYKT: nigdzie nic nie zmienia
    /@320: brak nosiciela
    /odkryj@320: brak nosiciela
    /login@320: brak nosiciela
    /tagi@320: brak nosiciela
    /szukaj?sekcja=przepisy@320: bez zmiany (1 nosicieli)
    /przepisy/rosol-babci-zofii@320: brak nosiciela
    /@1280: brak nosiciela
    /odkryj@1280: brak nosiciela
    /login@1280: brak nosiciela
    /tagi@1280: brak nosiciela
    /szukaj?sekcja=przepisy@1280: bez zmiany (1 nosicieli)
    /przepisy/rosol-babci-zofii@1280: brak nosiciela

.chipsy[aria-label="Co przeszukujemy"] | flex-wrap
  WERDYKT: nigdzie nic nie zmienia
    /@320: brak nosiciela
    /odkryj@320: brak nosiciela
    /login@320: brak nosiciela
    /tagi@320: brak nosiciela
    /szukaj?sekcja=przepisy@320: bez zmiany (1 nosicieli)
    /przepisy/rosol-babci-zofii@320: brak nosiciela
    /@1280: brak nosiciela
    /odkryj@1280: brak nosiciela
    /login@1280: brak nosiciela
    /tagi@1280: brak nosiciela
    /szukaj?sekcja=przepisy@1280: bez zmiany (1 nosicieli)
    /przepisy/rosol-babci-zofii@1280: brak nosiciela

.chipsy[aria-label="Co przeszukujemy"] .chip | min-height
  WERDYKT: nigdzie nic nie zmienia
    /@320: brak nosiciela
    /odkryj@320: brak nosiciela
    /login@320: brak nosiciela
    /tagi@320: brak nosiciela
    /szukaj?sekcja=przepisy@320: bez zmiany (4 nosicieli)
    /przepisy/rosol-babci-zofii@320: brak nosiciela
    /@1280: brak nosiciela
    /odkryj@1280: brak nosiciela
    /login@1280: brak nosiciela
    /tagi@1280: brak nosiciela
    /szukaj?sekcja=przepisy@1280: bez zmiany (4 nosicieli)
    /przepisy/rosol-babci-zofii@1280: brak nosiciela

.chipsy[aria-label="Co przeszukujemy"] .chip | overflow-wrap
  WERDYKT: nigdzie nic nie zmienia
    /@320: brak nosiciela
    /odkryj@320: brak nosiciela
    /login@320: brak nosiciela
    /tagi@320: brak nosiciela
    /szukaj?sekcja=przepisy@320: bez zmiany (4 nosicieli)
    /przepisy/rosol-babci-zofii@320: brak nosiciela
    /@1280: brak nosiciela
    /odkryj@1280: brak nosiciela
    /login@1280: brak nosiciela
    /tagi@1280: brak nosiciela
    /szukaj?sekcja=przepisy@1280: bez zmiany (4 nosicieli)
    /przepisy/rosol-babci-zofii@1280: brak nosiciela

.chipsy[aria-label="Co przeszukujemy"] .chip | max-width
  WERDYKT: nigdzie nic nie zmienia
    /@320: brak nosiciela
    /odkryj@320: brak nosiciela
    /login@320: brak nosiciela
    /tagi@320: brak nosiciela
    /szukaj?sekcja=przepisy@320: bez zmiany (4 nosicieli)
    /przepisy/rosol-babci-zofii@320: brak nosiciela
    /@1280: brak nosiciela
    /odkryj@1280: brak nosiciela
    /login@1280: brak nosiciela
    /tagi@1280: brak nosiciela
    /szukaj?sekcja=przepisy@1280: bez zmiany (4 nosicieli)
    /przepisy/rosol-babci-zofii@1280: brak nosiciela

.chipsy[aria-label="Co przeszukujemy"] .chip | font-size
  WERDYKT: nigdzie nic nie zmienia
    /@320: brak nosiciela
    /odkryj@320: brak nosiciela
    /login@320: brak nosiciela
    /tagi@320: brak nosiciela
    /szukaj?sekcja=przepisy@320: bez zmiany (4 nosicieli)
    /przepisy/rosol-babci-zofii@320: brak nosiciela
    /@1280: brak nosiciela
    /odkryj@1280: brak nosiciela
    /login@1280: brak nosiciela
    /tagi@1280: brak nosiciela
    /szukaj?sekcja=przepisy@1280: bez zmiany (4 nosicieli)
    /przepisy/rosol-babci-zofii@1280: brak nosiciela

.chipsy[aria-label="Co przeszukujemy"] .chip | border-radius
  WERDYKT: nigdzie nic nie zmienia
    /@320: brak nosiciela
    /odkryj@320: brak nosiciela
    /login@320: brak nosiciela
    /tagi@320: brak nosiciela
    /szukaj?sekcja=przepisy@320: bez zmiany (4 nosicieli)
    /przepisy/rosol-babci-zofii@320: brak nosiciela
    /@1280: brak nosiciela
    /odkryj@1280: brak nosiciela
    /login@1280: brak nosiciela
    /tagi@1280: brak nosiciela
    /szukaj?sekcja=przepisy@1280: bez zmiany (4 nosicieli)
    /przepisy/rosol-babci-zofii@1280: brak nosiciela

.chipsy[aria-label="Co przeszukujemy"] .chip | padding
  WERDYKT: nigdzie nic nie zmienia
    /@320: brak nosiciela
    /odkryj@320: brak nosiciela
    /login@320: brak nosiciela
    /tagi@320: brak nosiciela
    /szukaj?sekcja=przepisy@320: bez zmiany (4 nosicieli)
    /przepisy/rosol-babci-zofii@320: brak nosiciela
    /@1280: brak nosiciela
    /odkryj@1280: brak nosiciela
    /login@1280: brak nosiciela
    /tagi@1280: brak nosiciela
    /szukaj?sekcja=przepisy@1280: bez zmiany (4 nosicieli)
    /przepisy/rosol-babci-zofii@1280: brak nosiciela

.chipsy[aria-label="Co przeszukujemy"] .chip | background-color
  WERDYKT: nigdzie nic nie zmienia
    /@320: brak nosiciela
    /odkryj@320: brak nosiciela
    /login@320: brak nosiciela
    /tagi@320: brak nosiciela
    /szukaj?sekcja=przepisy@320: bez zmiany (4 nosicieli)
    /przepisy/rosol-babci-zofii@320: brak nosiciela
    /@1280: brak nosiciela
    /odkryj@1280: brak nosiciela
    /login@1280: brak nosiciela
    /tagi@1280: brak nosiciela
    /szukaj?sekcja=przepisy@1280: bez zmiany (4 nosicieli)
    /przepisy/rosol-babci-zofii@1280: brak nosiciela

.chipsy[aria-label="Co przeszukujemy"] .chip | color
  WERDYKT: nigdzie nic nie zmienia
    /@320: brak nosiciela
    /odkryj@320: brak nosiciela
    /login@320: brak nosiciela
    /tagi@320: brak nosiciela
    /szukaj?sekcja=przepisy@320: bez zmiany (4 nosicieli)
    /przepisy/rosol-babci-zofii@320: brak nosiciela
    /@1280: brak nosiciela
    /odkryj@1280: brak nosiciela
    /login@1280: brak nosiciela
    /tagi@1280: brak nosiciela
    /szukaj?sekcja=przepisy@1280: bez zmiany (4 nosicieli)
    /przepisy/rosol-babci-zofii@1280: brak nosiciela

.chipsy[aria-label="Co przeszukujemy"] .chip | border
  WERDYKT: nigdzie nic nie zmienia
    /@320: brak nosiciela
    /odkryj@320: brak nosiciela
    /login@320: brak nosiciela
    /tagi@320: brak nosiciela
    /szukaj?sekcja=przepisy@320: bez zmiany (4 nosicieli)
    /przepisy/rosol-babci-zofii@320: brak nosiciela
    /@1280: brak nosiciela
    /odkryj@1280: brak nosiciela
    /login@1280: brak nosiciela
    /tagi@1280: brak nosiciela
    /szukaj?sekcja=przepisy@1280: bez zmiany (4 nosicieli)
    /przepisy/rosol-babci-zofii@1280: brak nosiciela

.chipsy[aria-label="Co przeszukujemy"] .chip[aria-current="page"] | background-color
  WERDYKT: nigdzie nic nie zmienia
    /@320: brak nosiciela
    /odkryj@320: brak nosiciela
    /login@320: brak nosiciela
    /tagi@320: brak nosiciela
    /szukaj?sekcja=przepisy@320: bez zmiany (1 nosicieli)
    /przepisy/rosol-babci-zofii@320: brak nosiciela
    /@1280: brak nosiciela
    /odkryj@1280: brak nosiciela
    /login@1280: brak nosiciela
    /tagi@1280: brak nosiciela
    /szukaj?sekcja=przepisy@1280: bez zmiany (1 nosicieli)
    /przepisy/rosol-babci-zofii@1280: brak nosiciela

.chipsy[aria-label="Co przeszukujemy"] .chip[aria-current="page"] | color
  WERDYKT: nigdzie nic nie zmienia
    /@320: brak nosiciela
    /odkryj@320: brak nosiciela
    /login@320: brak nosiciela
    /tagi@320: brak nosiciela
    /szukaj?sekcja=przepisy@320: bez zmiany (1 nosicieli)
    /przepisy/rosol-babci-zofii@320: brak nosiciela
    /@1280: brak nosiciela
    /odkryj@1280: brak nosiciela
    /login@1280: brak nosiciela
    /tagi@1280: brak nosiciela
    /szukaj?sekcja=przepisy@1280: bez zmiany (1 nosicieli)
    /przepisy/rosol-babci-zofii@1280: brak nosiciela

.chipsy[aria-label="Co przeszukujemy"] .chip[aria-current="page"] | border-color
  WERDYKT: nigdzie nic nie zmienia
    /@320: brak nosiciela
    /odkryj@320: brak nosiciela
    /login@320: brak nosiciela
    /tagi@320: brak nosiciela
    /szukaj?sekcja=przepisy@320: bez zmiany (1 nosicieli)
    /przepisy/rosol-babci-zofii@320: brak nosiciela
    /@1280: brak nosiciela
    /odkryj@1280: brak nosiciela
    /login@1280: brak nosiciela
    /tagi@1280: brak nosiciela
    /szukaj?sekcja=przepisy@1280: bez zmiany (1 nosicieli)
    /przepisy/rosol-babci-zofii@1280: brak nosiciela

.mt-6 | margin-top
  WERDYKT: ŻYWA gdzie indziej — FAŁSZYWE TRAFIENIE
    /@320: brak nosiciela
    /odkryj@320: ŻYWA na 1/1 nosicielach
    /login@320: ŻYWA na 1/2 nosicielach
    /tagi@320: ŻYWA na 1/1 nosicielach
    /szukaj?sekcja=przepisy@320: bez zmiany (1 nosicieli)
    /przepisy/rosol-babci-zofii@320: brak nosiciela
    /@1280: brak nosiciela
    /odkryj@1280: ŻYWA na 1/1 nosicielach
    /login@1280: ŻYWA na 1/2 nosicielach
    /tagi@1280: ŻYWA na 1/1 nosicielach
    /szukaj?sekcja=przepisy@1280: bez zmiany (1 nosicieli)
    /przepisy/rosol-babci-zofii@1280: brak nosiciela

textarea | resize
  WERDYKT: nigdzie nic nie zmienia
    /@320: brak nosiciela
    /odkryj@320: brak nosiciela
    /login@320: brak nosiciela
    /tagi@320: brak nosiciela
    /szukaj?sekcja=przepisy@320: brak nosiciela
    /przepisy/rosol-babci-zofii@320: bez zmiany (1 nosicieli)
    /@1280: brak nosiciela
    /odkryj@1280: brak nosiciela
    /login@1280: brak nosiciela
    /tagi@1280: brak nosiciela
    /szukaj?sekcja=przepisy@1280: brak nosiciela
    /przepisy/rosol-babci-zofii@1280: bez zmiany (1 nosicieli)

.field ~ input[type="hidden"] + .field, .field + button, .field + .btn | margin-top
  WERDYKT: nigdzie nic nie zmienia
    /@320: brak nosiciela
    /odkryj@320: brak nosiciela
    /login@320: brak nosiciela
    /tagi@320: brak nosiciela
    /szukaj?sekcja=przepisy@320: brak nosiciela
    /przepisy/rosol-babci-zofii@320: bez zmiany (1 nosicieli)
    /@1280: brak nosiciela
    /odkryj@1280: brak nosiciela
    /login@1280: brak nosiciela
    /tagi@1280: brak nosiciela
    /szukaj?sekcja=przepisy@1280: brak nosiciela
    /przepisy/rosol-babci-zofii@1280: bez zmiany (1 nosicieli)

.field-input | min-height
  WERDYKT: ŻYWA gdzie indziej — FAŁSZYWE TRAFIENIE
    /@320: brak nosiciela
    /odkryj@320: brak nosiciela
    /login@320: ŻYWA na 2/2 nosicielach
    /tagi@320: brak nosiciela
    /szukaj?sekcja=przepisy@320: bez zmiany (1 nosicieli)
    /przepisy/rosol-babci-zofii@320: bez zmiany (1 nosicieli)
    /@1280: brak nosiciela
    /odkryj@1280: brak nosiciela
    /login@1280: ŻYWA na 2/2 nosicielach
    /tagi@1280: brak nosiciela
    /szukaj?sekcja=przepisy@1280: bez zmiany (1 nosicieli)
    /przepisy/rosol-babci-zofii@1280: bez zmiany (1 nosicieli)

textarea.field-input | min-height
  WERDYKT: nigdzie nic nie zmienia
    /@320: brak nosiciela
    /odkryj@320: brak nosiciela
    /login@320: brak nosiciela
    /tagi@320: brak nosiciela
    /szukaj?sekcja=przepisy@320: brak nosiciela
    /przepisy/rosol-babci-zofii@320: bez zmiany (1 nosicieli)
    /@1280: brak nosiciela
    /odkryj@1280: brak nosiciela
    /login@1280: brak nosiciela
    /tagi@1280: brak nosiciela
    /szukaj?sekcja=przepisy@1280: brak nosiciela
    /przepisy/rosol-babci-zofii@1280: bez zmiany (1 nosicieli)

textarea.field-input | resize
  WERDYKT: nigdzie nic nie zmienia
    /@320: brak nosiciela
    /odkryj@320: brak nosiciela
    /login@320: brak nosiciela
    /tagi@320: brak nosiciela
    /szukaj?sekcja=przepisy@320: brak nosiciela
    /przepisy/rosol-babci-zofii@320: bez zmiany (1 nosicieli)
    /@1280: brak nosiciela
    /odkryj@1280: brak nosiciela
    /login@1280: brak nosiciela
    /tagi@1280: brak nosiciela
    /szukaj?sekcja=przepisy@1280: brak nosiciela
    /przepisy/rosol-babci-zofii@1280: bez zmiany (1 nosicieli)

.sekcja-strony | border-radius
  WERDYKT: ŻYWA gdzie indziej — FAŁSZYWE TRAFIENIE
    /@320: brak nosiciela
    /odkryj@320: ŻYWA na 1/1 nosicielach
    /login@320: ŻYWA na 1/1 nosicielach
    /tagi@320: brak nosiciela
    /szukaj?sekcja=przepisy@320: ŻYWA na 1/1 nosicielach
    /przepisy/rosol-babci-zofii@320: bez zmiany (2 nosicieli)
    /@1280: brak nosiciela
    /odkryj@1280: ŻYWA na 1/1 nosicielach
    /login@1280: ŻYWA na 1/1 nosicielach
    /tagi@1280: brak nosiciela
    /szukaj?sekcja=przepisy@1280: ŻYWA na 1/1 nosicielach
    /przepisy/rosol-babci-zofii@1280: bez zmiany (2 nosicieli)

.przepis-uklad | display
  WERDYKT: nigdzie nic nie zmienia
    /@320: brak nosiciela
    /odkryj@320: brak nosiciela
    /login@320: brak nosiciela
    /tagi@320: brak nosiciela
    /szukaj?sekcja=przepisy@320: brak nosiciela
    /przepisy/rosol-babci-zofii@320: bez zmiany (1 nosicieli)
    /@1280: brak nosiciela
    /odkryj@1280: brak nosiciela
    /login@1280: brak nosiciela
    /tagi@1280: brak nosiciela
    /szukaj?sekcja=przepisy@1280: brak nosiciela
    /przepisy/rosol-babci-zofii@1280: bez zmiany (1 nosicieli)

.przepis-uklad > .przepis-panel | grid-area
  WERDYKT: nigdzie nic nie zmienia
    /@320: brak nosiciela
    /odkryj@320: brak nosiciela
    /login@320: brak nosiciela
    /tagi@320: brak nosiciela
    /szukaj?sekcja=przepisy@320: brak nosiciela
    /przepisy/rosol-babci-zofii@320: bez zmiany (1 nosicieli)
    /@1280: brak nosiciela
    /odkryj@1280: brak nosiciela
    /login@1280: brak nosiciela
    /tagi@1280: brak nosiciela
    /szukaj?sekcja=przepisy@1280: brak nosiciela
    /przepisy/rosol-babci-zofii@1280: bez zmiany (1 nosicieli)

.przepis-liczby | gap
  WERDYKT: nigdzie nic nie zmienia
    /@320: brak nosiciela
    /odkryj@320: brak nosiciela
    /login@320: brak nosiciela
    /tagi@320: brak nosiciela
    /szukaj?sekcja=przepisy@320: brak nosiciela
    /przepisy/rosol-babci-zofii@320: bez zmiany (1 nosicieli)
    /@1280: brak nosiciela
    /odkryj@1280: brak nosiciela
    /login@1280: brak nosiciela
    /tagi@1280: brak nosiciela
    /szukaj?sekcja=przepisy@1280: brak nosiciela
    /przepisy/rosol-babci-zofii@1280: bez zmiany (1 nosicieli)

.przepis-liczby | grid-template-columns
  WERDYKT: nigdzie nic nie zmienia
    /@320: brak nosiciela
    /odkryj@320: brak nosiciela
    /login@320: brak nosiciela
    /tagi@320: brak nosiciela
    /szukaj?sekcja=przepisy@320: brak nosiciela
    /przepisy/rosol-babci-zofii@320: bez zmiany (1 nosicieli)
    /@1280: brak nosiciela
    /odkryj@1280: brak nosiciela
    /login@1280: brak nosiciela
    /tagi@1280: brak nosiciela
    /szukaj?sekcja=przepisy@1280: brak nosiciela
    /przepisy/rosol-babci-zofii@1280: bez zmiany (1 nosicieli)

.przepis-liczby | margin
  WERDYKT: nigdzie nic nie zmienia
    /@320: brak nosiciela
    /odkryj@320: brak nosiciela
    /login@320: brak nosiciela
    /tagi@320: brak nosiciela
    /szukaj?sekcja=przepisy@320: brak nosiciela
    /przepisy/rosol-babci-zofii@320: bez zmiany (1 nosicieli)
    /@1280: brak nosiciela
    /odkryj@1280: brak nosiciela
    /login@1280: brak nosiciela
    /tagi@1280: brak nosiciela
    /szukaj?sekcja=przepisy@1280: brak nosiciela
    /przepisy/rosol-babci-zofii@1280: bez zmiany (1 nosicieli)

.przepis-liczby | display
  WERDYKT: nigdzie nic nie zmienia
    /@320: brak nosiciela
    /odkryj@320: brak nosiciela
    /login@320: brak nosiciela
    /tagi@320: brak nosiciela
    /szukaj?sekcja=przepisy@320: brak nosiciela
    /przepisy/rosol-babci-zofii@320: bez zmiany (1 nosicieli)
    /@1280: brak nosiciela
    /odkryj@1280: brak nosiciela
    /login@1280: brak nosiciela
    /tagi@1280: brak nosiciela
    /szukaj?sekcja=przepisy@1280: brak nosiciela
    /przepisy/rosol-babci-zofii@1280: bez zmiany (1 nosicieli)

.przepis-akcje | flex-direction
  WERDYKT: nigdzie nic nie zmienia
    /@320: brak nosiciela
    /odkryj@320: brak nosiciela
    /login@320: brak nosiciela
    /tagi@320: brak nosiciela
    /szukaj?sekcja=przepisy@320: brak nosiciela
    /przepisy/rosol-babci-zofii@320: bez zmiany (1 nosicieli)
    /@1280: brak nosiciela
    /odkryj@1280: brak nosiciela
    /login@1280: brak nosiciela
    /tagi@1280: brak nosiciela
    /szukaj?sekcja=przepisy@1280: brak nosiciela
    /przepisy/rosol-babci-zofii@1280: bez zmiany (1 nosicieli)

.recipe-story | background-color
  WERDYKT: nigdzie nic nie zmienia
    /@320: brak nosiciela
    /odkryj@320: brak nosiciela
    /login@320: brak nosiciela
    /tagi@320: brak nosiciela
    /szukaj?sekcja=przepisy@320: brak nosiciela
    /przepisy/rosol-babci-zofii@320: bez zmiany (1 nosicieli)
    /@1280: brak nosiciela
    /odkryj@1280: brak nosiciela
    /login@1280: brak nosiciela
    /tagi@1280: brak nosiciela
    /szukaj?sekcja=przepisy@1280: brak nosiciela
    /przepisy/rosol-babci-zofii@1280: bez zmiany (1 nosicieli)

.recipe-story | border-radius
  WERDYKT: nigdzie nic nie zmienia
    /@320: brak nosiciela
    /odkryj@320: brak nosiciela
    /login@320: brak nosiciela
    /tagi@320: brak nosiciela
    /szukaj?sekcja=przepisy@320: brak nosiciela
    /przepisy/rosol-babci-zofii@320: bez zmiany (1 nosicieli)
    /@1280: brak nosiciela
    /odkryj@1280: brak nosiciela
    /login@1280: brak nosiciela
    /tagi@1280: brak nosiciela
    /szukaj?sekcja=przepisy@1280: brak nosiciela
    /przepisy/rosol-babci-zofii@1280: bez zmiany (1 nosicieli)

.step-list li | gap
  WERDYKT: nigdzie nic nie zmienia
    /@320: brak nosiciela
    /odkryj@320: brak nosiciela
    /login@320: brak nosiciela
    /tagi@320: brak nosiciela
    /szukaj?sekcja=przepisy@320: brak nosiciela
    /przepisy/rosol-babci-zofii@320: bez zmiany (6 nosicieli)
    /@1280: brak nosiciela
    /odkryj@1280: brak nosiciela
    /login@1280: brak nosiciela
    /tagi@1280: brak nosiciela
    /szukaj?sekcja=przepisy@1280: brak nosiciela
    /przepisy/rosol-babci-zofii@1280: bez zmiany (6 nosicieli)

.step-list li | grid-template-columns
  WERDYKT: nigdzie nic nie zmienia
    /@320: brak nosiciela
    /odkryj@320: brak nosiciela
    /login@320: brak nosiciela
    /tagi@320: brak nosiciela
    /szukaj?sekcja=przepisy@320: brak nosiciela
    /przepisy/rosol-babci-zofii@320: bez zmiany (6 nosicieli)
    /@1280: brak nosiciela
    /odkryj@1280: brak nosiciela
    /login@1280: brak nosiciela
    /tagi@1280: brak nosiciela
    /szukaj?sekcja=przepisy@1280: brak nosiciela
    /przepisy/rosol-babci-zofii@1280: bez zmiany (6 nosicieli)

.recipe-story > :last-child | margin-bottom
  WERDYKT: nigdzie nic nie zmienia
    /@320: brak nosiciela
    /odkryj@320: brak nosiciela
    /login@320: brak nosiciela
    /tagi@320: brak nosiciela
    /szukaj?sekcja=przepisy@320: brak nosiciela
    /przepisy/rosol-babci-zofii@320: bez zmiany (1 nosicieli)
    /@1280: brak nosiciela
    /odkryj@1280: brak nosiciela
    /login@1280: brak nosiciela
    /tagi@1280: brak nosiciela
    /szukaj?sekcja=przepisy@1280: brak nosiciela
    /przepisy/rosol-babci-zofii@1280: bez zmiany (1 nosicieli)

.step-number | font-size
  WERDYKT: nigdzie nic nie zmienia
    /@320: brak nosiciela
    /odkryj@320: brak nosiciela
    /login@320: brak nosiciela
    /tagi@320: brak nosiciela
    /szukaj?sekcja=przepisy@320: brak nosiciela
    /przepisy/rosol-babci-zofii@320: bez zmiany (6 nosicieli)
    /@1280: brak nosiciela
    /odkryj@1280: brak nosiciela
    /login@1280: brak nosiciela
    /tagi@1280: brak nosiciela
    /szukaj?sekcja=przepisy@1280: brak nosiciela
    /przepisy/rosol-babci-zofii@1280: bez zmiany (6 nosicieli)

.step-number | color
  WERDYKT: nigdzie nic nie zmienia
    /@320: brak nosiciela
    /odkryj@320: brak nosiciela
    /login@320: brak nosiciela
    /tagi@320: brak nosiciela
    /szukaj?sekcja=przepisy@320: brak nosiciela
    /przepisy/rosol-babci-zofii@320: bez zmiany (6 nosicieli)
    /@1280: brak nosiciela
    /odkryj@1280: brak nosiciela
    /login@1280: brak nosiciela
    /tagi@1280: brak nosiciela
    /szukaj?sekcja=przepisy@1280: brak nosiciela
    /przepisy/rosol-babci-zofii@1280: bez zmiany (6 nosicieli)

.przepis-panel | border-radius
  WERDYKT: nigdzie nic nie zmienia
    /@320: brak nosiciela
    /odkryj@320: brak nosiciela
    /login@320: brak nosiciela
    /tagi@320: brak nosiciela
    /szukaj?sekcja=przepisy@320: brak nosiciela
    /przepisy/rosol-babci-zofii@320: bez zmiany (1 nosicieli)
    /@1280: brak nosiciela
    /odkryj@1280: brak nosiciela
    /login@1280: brak nosiciela
    /tagi@1280: brak nosiciela
    /szukaj?sekcja=przepisy@1280: brak nosiciela
    /przepisy/rosol-babci-zofii@1280: bez zmiany (1 nosicieli)

.przepis-panel | box-shadow
  WERDYKT: nigdzie nic nie zmienia
    /@320: brak nosiciela
    /odkryj@320: brak nosiciela
    /login@320: brak nosiciela
    /tagi@320: brak nosiciela
    /szukaj?sekcja=przepisy@320: brak nosiciela
    /przepisy/rosol-babci-zofii@320: bez zmiany (1 nosicieli)
    /@1280: brak nosiciela
    /odkryj@1280: brak nosiciela
    /login@1280: brak nosiciela
    /tagi@1280: brak nosiciela
    /szukaj?sekcja=przepisy@1280: brak nosiciela
    /przepisy/rosol-babci-zofii@1280: bez zmiany (1 nosicieli)
